entry_id,date,timestamp,account,vendor,entry_type,amount,entered_by,approved_by,narration,is_planted_issue
JE00001,2025-02-22,2025-02-22 17:05:00,Purchase Expense,Om Enterprises,Credit,41239.4,rmehta,spatel,Credit entry for Purchase Expense,
JE00002,2025-01-28,2025-01-28 17:12:00,Bank Charges,Sharma Traders,Debit,18427.18,rmehta,spatel,Debit entry for Bank Charges,
JE00003,2025-02-27,2025-02-27 09:48:00,Utilities Expense,Kumar & Co,Debit,63849.37,nsingh,jverma,Debit entry for Utilities Expense,
JE00004,2024-06-21,2024-06-21 10:05:00,Utilities Expense,TechNova Pvt Ltd,Credit,48487.25,jverma,spatel,Credit entry for Utilities Expense,
JE00005,2024-10-12,2024-10-12 15:05:00,Purchase Expense,TechNova Pvt Ltd,Credit,12424.18,akhan,rmehta,Credit entry for Purchase Expense,
JE00006,2025-01-08,2025-01-08 10:54:00,Office Supplies,TechNova Pvt Ltd,Debit,51349.97,nsingh,nsingh,Debit entry for Office Supplies,same_approver
JE00007,2024-07-29,2024-07-29 13:44:00,Purchase Expense,TechNova Pvt Ltd,Credit,4201.51,jverma,akhan,Credit entry for Purchase Expense,
JE00008,2025-03-16,2025-03-16 15:17:00,Professional Fees,Bharat Logistics,Debit,1330.92,rmehta,nsingh,Debit entry for Professional Fees,
JE00009,2025-02-22,2025-02-22 14:25:00,Utilities Expense,Global Supplies Ltd,Credit,606.03,nsingh,rmehta,Credit entry for Utilities Expense,
JE00010,2024-08-16,2024-08-16 16:09:00,Purchase Expense,Bharat Logistics,Credit,5350.91,spatel,spatel,Credit entry for Purchase Expense,
JE00011,2024-08-14,2024-08-14 14:14:00,Salary Expense,Om Enterprises,Credit,16495.2,spatel,nsingh,Credit entry for Salary Expense,
JE00012,2024-06-10,2024-06-10 15:38:00,Interest Income,Sharma Traders,Debit,1303.93,jverma,rmehta,Debit entry for Interest Income,
JE00013,2024-05-03,2024-05-03 09:43:00,Bank Charges,Bharat Logistics,Credit,13756.15,jverma,nsingh,Credit entry for Bank Charges,
JE00014,2024-05-29,2024-05-29 09:46:00,Professional Fees,TechNova Pvt Ltd,Credit,1289.75,nsingh,rmehta,Credit entry for Professional Fees,
JE00015,2024-08-13,2024-08-13 12:09:00,Interest Income,Bharat Logistics,Debit,10469.82,spatel,akhan,Debit entry for Interest Income,
JE00016,2024-10-09,2024-10-09 14:56:00,Salary Expense,Bharat Logistics,Debit,561.89,nsingh,nsingh,Debit entry for Salary Expense,
JE00017,2024-09-05,2024-09-05 17:49:00,Rent Expense,Global Supplies Ltd,Debit,66421.93,rmehta,rmehta,Debit entry for Rent Expense,
JE00018,2024-06-04,2024-06-04 12:59:00,Salary Expense,Bharat Logistics,Debit,18939.29,jverma,akhan,Debit entry for Salary Expense,
JE00019,2025-01-02,2025-01-02 16:57:00,Utilities Expense,Om Enterprises,Credit,24546.62,spatel,jverma,Credit entry for Utilities Expense,
JE00020,2024-12-21,2024-12-21 12:37:00,Travel Expense,Global Supplies Ltd,Debit,16974.02,rmehta,rmehta,Debit entry for Travel Expense,
JE00021,2024-07-22,2024-07-22 14:04:00,Sales Revenue,Om Enterprises,Debit,603.54,rmehta,spatel,Debit entry for Sales Revenue,
JE00022,2024-12-20,2024-12-20 18:36:00,Rent Expense,Om Enterprises,Credit,38122.1,akhan,spatel,Credit entry for Rent Expense,
JE00023,2024-11-29,2024-11-29 15:26:00,Rent Expense,Kumar & Co,Debit,6615.93,jverma,rmehta,Debit entry for Rent Expense,
JE00024,2024-11-26,2024-11-26 10:15:00,Utilities Expense,Om Enterprises,Debit,3818.17,rmehta,rmehta,Debit entry for Utilities Expense,
JE00025,2024-07-08,2024-07-08 10:28:00,Rent Expense,Kumar & Co,Debit,7993.85,nsingh,jverma,Debit entry for Rent Expense,
JE00026,2025-01-07,2025-01-07 11:26:00,Purchase Expense,Om Enterprises,Debit,80784.35,rmehta,rmehta,Debit entry for Purchase Expense,
JE00027,2024-12-05,2024-12-05 13:59:00,Travel Expense,Kumar & Co,Debit,183148.23,spatel,spatel,Debit entry for Travel Expense,
JE00028,2024-11-19,2024-11-19 09:37:00,Office Supplies,Om Enterprises,Credit,1842.64,jverma,spatel,Credit entry for Office Supplies,
JE00029,2025-01-03,2025-01-03 17:10:00,Sales Revenue,Sharma Traders,Debit,123387.3,akhan,nsingh,Debit entry for Sales Revenue,
JE00030,2024-04-30,2024-04-30 15:07:00,Interest Income,Global Supplies Ltd,Debit,87392.72,rmehta,nsingh,Debit entry for Interest Income,
JE00031,2025-01-17,2025-01-17 18:33:00,Rent Expense,Bharat Logistics,Debit,25674.05,nsingh,nsingh,Debit entry for Rent Expense,
JE00032,2024-09-09,2024-09-09 13:29:00,Office Supplies,Om Enterprises,Credit,1095.27,spatel,spatel,Credit entry for Office Supplies,
JE00033,2024-09-09,2024-09-09 11:59:00,Purchase Expense,Kumar & Co,Debit,10358.87,rmehta,rmehta,Debit entry for Purchase Expense,
JE00034,2024-09-26,2024-09-26 13:39:00,Purchase Expense,TechNova Pvt Ltd,Credit,12955.55,spatel,spatel,Credit entry for Purchase Expense,
JE00035,2025-03-01,2025-03-01 10:56:00,Interest Income,Om Enterprises,Credit,1117.9,rmehta,rmehta,Credit entry for Interest Income,
JE00036,2024-05-25,2024-05-25 12:43:00,Utilities Expense,Global Supplies Ltd,Credit,36833.24,nsingh,akhan,Credit entry for Utilities Expense,
JE00037,2025-02-19,2025-02-19 13:02:00,Office Supplies,Kumar & Co,Credit,6326.15,nsingh,rmehta,Credit entry for Office Supplies,
JE00038,2024-04-02,2024-04-02 15:35:00,Consulting Income,Om Enterprises,Credit,13629.36,spatel,spatel,Credit entry for Consulting Income,
JE00039,2024-04-05,2024-04-05 02:27:00,Purchase Expense,Om Enterprises,Debit,16394.37,rmehta,nsingh,Debit entry for Purchase Expense,off_hours
JE00040,2024-06-05,2024-06-05 10:22:00,Sales Revenue,TechNova Pvt Ltd,Debit,2229.78,akhan,akhan,Debit entry for Sales Revenue,
JE00041,2025-01-12,2025-01-12 11:56:00,Bank Charges,Om Enterprises,Debit,173426.98,nsingh,spatel,Debit entry for Bank Charges,
JE00042,2024-10-29,2024-10-29 12:17:00,Sales Revenue,Om Enterprises,Credit,88576.08,spatel,jverma,Credit entry for Sales Revenue,
JE00043,2024-06-21,2024-06-21 16:22:00,Utilities Expense,Kumar & Co,Debit,66646.5,rmehta,jverma,Debit entry for Utilities Expense,
JE00044,2024-09-04,2024-09-04 13:22:00,Rent Expense,Sharma Traders,Debit,88729.54,spatel,jverma,Debit entry for Rent Expense,
JE00045,2025-02-23,2025-02-23 11:37:00,Interest Income,Om Enterprises,Credit,167498.38,jverma,rmehta,Credit entry for Interest Income,
JE00046,2024-08-14,2024-08-14 18:32:00,Sales Revenue,Bharat Logistics,Credit,3274.74,rmehta,akhan,Credit entry for Sales Revenue,
JE00047,2024-05-30,2024-05-30 17:43:00,Bank Charges,Global Supplies Ltd,Credit,505.09,nsingh,rmehta,Credit entry for Bank Charges,
JE00048,2025-03-10,2025-03-10 10:46:00,Rent Expense,Kumar & Co,Debit,26616.08,akhan,akhan,Debit entry for Rent Expense,
JE00049,2024-09-01,2024-09-01 11:12:00,Interest Income,Om Enterprises,Credit,2939.56,akhan,akhan,Credit entry for Interest Income,
JE00050,2024-11-02,2024-11-02 09:19:00,Professional Fees,Om Enterprises,Debit,5696.42,jverma,nsingh,Debit entry for Professional Fees,
JE00051,2024-08-25,2024-08-25 17:30:00,Rent Expense,Bharat Logistics,Credit,28641.29,jverma,jverma,Credit entry for Rent Expense,
JE00052,2024-06-26,2024-06-26 13:14:00,Professional Fees,TechNova Pvt Ltd,Credit,45027.36,rmehta,rmehta,Credit entry for Professional Fees,
JE00053,2024-07-11,2024-07-11 16:26:00,Salary Expense,Sharma Traders,Debit,49960.34,rmehta,jverma,Debit entry for Salary Expense,
JE00054,2025-02-17,2025-02-17 09:57:00,Depreciation,Om Enterprises,Credit,1210.49,spatel,jverma,Credit entry for Depreciation,
JE00055,2024-05-25,2024-05-25 10:29:00,Bank Charges,Global Supplies Ltd,Credit,121978.14,spatel,rmehta,Credit entry for Bank Charges,
JE00056,2024-06-08,2024-06-08 17:27:00,Travel Expense,Bharat Logistics,Credit,37201.8,nsingh,jverma,Credit entry for Travel Expense,
JE00057,2025-01-06,2025-01-06 13:49:00,Travel Expense,Om Enterprises,Credit,2199.39,spatel,jverma,Credit entry for Travel Expense,
JE00058,2024-12-23,2024-12-23 14:20:00,Travel Expense,TechNova Pvt Ltd,Credit,2037.68,spatel,rmehta,Credit entry for Travel Expense,
JE00059,2025-01-02,2025-01-02 10:26:00,Purchase Expense,Global Supplies Ltd,Debit,34444.11,spatel,jverma,Debit entry for Purchase Expense,
JE00060,2024-10-26,2024-10-26 18:44:00,Consulting Income,Kumar & Co,Credit,6197.39,nsingh,rmehta,Credit entry for Consulting Income,
JE00061,2024-04-11,2024-04-11 15:34:00,Depreciation,Kumar & Co,Debit,5172.95,jverma,akhan,Debit entry for Depreciation,
JE00062,2025-01-05,2025-01-05 14:42:00,Depreciation,Kumar & Co,Debit,594.97,spatel,akhan,Debit entry for Depreciation,
JE00063,2025-03-14,2025-03-14 18:36:00,Bank Charges,Kumar & Co,Debit,114512.61,spatel,nsingh,Debit entry for Bank Charges,
JE00064,2025-03-06,2025-03-06 13:24:00,Sales Revenue,Om Enterprises,Credit,1485.39,rmehta,spatel,Credit entry for Sales Revenue,
JE00065,2024-09-15,2024-09-15 15:16:00,Rent Expense,TechNova Pvt Ltd,Credit,149300.13,jverma,jverma,Credit entry for Rent Expense,
JE00066,2024-05-12,2024-05-12 09:48:00,Travel Expense,Om Enterprises,Debit,754.26,rmehta,akhan,Debit entry for Travel Expense,
JE00067,2024-04-16,2024-04-16 18:13:00,Rent Expense,Sharma Traders,Debit,27602.1,spatel,spatel,Debit entry for Rent Expense,
JE00068,2024-11-25,2024-11-25 10:49:00,Utilities Expense,TechNova Pvt Ltd,Debit,44168.99,akhan,nsingh,Debit entry for Utilities Expense,
JE00069,2024-06-23,2024-06-23 15:25:00,Office Supplies,Bharat Logistics,Debit,115267.94,rmehta,akhan,Debit entry for Office Supplies,
JE00070,2024-07-11,2024-07-11 18:51:00,Purchase Expense,Om Enterprises,Debit,3045.83,nsingh,rmehta,Debit entry for Purchase Expense,
JE00071,2024-06-01,2024-06-01 09:54:00,Depreciation,TechNova Pvt Ltd,Credit,24205.63,rmehta,akhan,Credit entry for Depreciation,
JE00072,2024-11-02,2024-11-02 17:41:00,Travel Expense,Kumar & Co,Credit,6794.13,rmehta,jverma,Credit entry for Travel Expense,
JE00073,2024-08-17,2024-08-17 14:54:00,Depreciation,Kumar & Co,Credit,17403.02,nsingh,jverma,Credit entry for Depreciation,
JE00074,2024-08-04,2024-08-04 14:01:00,Purchase Expense,Kumar & Co,Debit,27392.8,akhan,jverma,Debit entry for Purchase Expense,
JE00075,2024-12-10,2024-12-10 18:44:00,Consulting Income,Kumar & Co,Debit,3841.95,spatel,akhan,Debit entry for Consulting Income,
JE00076,2024-08-20,2024-08-20 17:48:00,Interest Income,Bharat Logistics,Debit,5708.48,rmehta,rmehta,Debit entry for Interest Income,
JE00077,2024-08-02,2024-08-02 12:25:00,Utilities Expense,Om Enterprises,Credit,873.17,jverma,jverma,Credit entry for Utilities Expense,
JE00078,2025-03-21,2025-03-21 17:21:00,Rent Expense,Om Enterprises,Credit,3921.46,akhan,jverma,Credit entry for Rent Expense,
JE00079,2024-09-28,2024-09-28 14:07:00,Utilities Expense,TechNova Pvt Ltd,Credit,37652.61,jverma,akhan,Credit entry for Utilities Expense,
JE00080,2024-12-31,2024-12-31 17:38:00,Utilities Expense,Global Supplies Ltd,Debit,17104.5,spatel,jverma,Debit entry for Utilities Expense,
JE00081,2024-08-23,2024-08-23 17:08:00,Purchase Expense,TechNova Pvt Ltd,Debit,544.23,spatel,akhan,Debit entry for Purchase Expense,
JE00082,2024-08-19,2024-08-19 10:55:00,Sales Revenue,Bharat Logistics,Credit,45475.81,rmehta,spatel,Credit entry for Sales Revenue,
JE00083,2024-04-07,2024-04-07 13:55:00,Depreciation,Kumar & Co,Credit,162649.52,akhan,jverma,Credit entry for Depreciation,
JE00084,2024-12-01,2024-12-01 11:09:00,Purchase Expense,Kumar & Co,Credit,30560.24,rmehta,rmehta,Credit entry for Purchase Expense,
JE00085,2025-01-14,2025-01-14 18:14:00,Office Supplies,Global Supplies Ltd,Debit,18907.97,rmehta,nsingh,Debit entry for Office Supplies,
JE00086,2024-12-24,2024-12-24 18:03:00,Bank Charges,Kumar & Co,Credit,3115.93,jverma,nsingh,Credit entry for Bank Charges,
JE00087,2025-02-07,2025-02-07 11:35:00,Utilities Expense,Global Supplies Ltd,Debit,1281.27,rmehta,akhan,Debit entry for Utilities Expense,
JE00088,2024-05-09,2024-05-09 13:45:00,Salary Expense,Kumar & Co,Credit,608.0,rmehta,nsingh,Credit entry for Salary Expense,
JE00089,2024-08-23,2024-08-23 12:27:00,Utilities Expense,Sharma Traders,Debit,21154.78,jverma,akhan,Debit entry for Utilities Expense,
JE00090,2024-05-29,2024-05-29 11:50:00,Interest Income,Om Enterprises,Debit,766.98,spatel,akhan,Debit entry for Interest Income,
JE00091,2024-09-05,2024-09-05 15:17:00,Depreciation,TechNova Pvt Ltd,Credit,3091.96,nsingh,rmehta,Credit entry for Depreciation,
JE00092,2024-12-13,2024-12-13 18:16:00,Interest Income,Kumar & Co,Debit,40763.49,jverma,nsingh,Debit entry for Interest Income,duplicate_source
JE00092D,2024-12-13,2024-12-13 18:16:00,Interest Income,Kumar & Co,Debit,40763.49,jverma,nsingh,Debit entry for Interest Income,duplicate_copy
JE00093,2024-04-14,2024-04-14 11:30:00,Purchase Expense,Om Enterprises,Debit,48375.49,spatel,akhan,Debit entry for Purchase Expense,
JE00094,2024-12-22,2024-12-22 10:30:00,Professional Fees,TechNova Pvt Ltd,Debit,65717.98,jverma,nsingh,Debit entry for Professional Fees,
JE00095,2024-09-26,2024-09-26 13:42:00,Bank Charges,TechNova Pvt Ltd,Debit,31911.74,akhan,spatel,Debit entry for Bank Charges,
JE00096,2024-10-23,2024-10-23 15:55:00,Interest Income,Kumar & Co,Debit,1001.39,rmehta,akhan,Debit entry for Interest Income,
JE00097,2024-12-20,2024-12-20 16:40:00,Sales Revenue,Kumar & Co,Credit,4368.59,nsingh,rmehta,Credit entry for Sales Revenue,
JE00098,2024-11-13,2024-11-13 10:01:00,Sales Revenue,TechNova Pvt Ltd,Debit,32798.84,spatel,akhan,Debit entry for Sales Revenue,
JE00099,2025-02-17,2025-02-17 10:14:00,Depreciation,Om Enterprises,Debit,13676.07,spatel,akhan,Debit entry for Depreciation,
JE00100,2024-05-29,2024-05-29 13:26:00,Travel Expense,Om Enterprises,Debit,2873.5,rmehta,jverma,Debit entry for Travel Expense,
JE00101,2024-12-04,2024-12-04 11:55:00,Travel Expense,Kumar & Co,Debit,18137.88,spatel,jverma,Debit entry for Travel Expense,
JE00102,2024-05-06,2024-05-06 18:37:00,Office Supplies,TechNova Pvt Ltd,Credit,2991.1,jverma,rmehta,Credit entry for Office Supplies,
JE00103,2025-03-04,2025-03-04 15:29:00,Travel Expense,Kumar & Co,Credit,48307.05,spatel,akhan,Credit entry for Travel Expense,
JE00104,2024-09-12,2024-09-12 14:47:00,Rent Expense,Bharat Logistics,Credit,5859.11,spatel,spatel,Credit entry for Rent Expense,
JE00105,2024-11-29,2024-11-29 18:21:00,Utilities Expense,Kumar & Co,Debit,1065.3,jverma,jverma,Debit entry for Utilities Expense,
JE00106,2024-05-22,2024-05-22 11:04:00,Travel Expense,Bharat Logistics,Credit,5831.21,rmehta,rmehta,Credit entry for Travel Expense,
JE00107,2024-11-27,2024-11-27 17:24:00,Office Supplies,Bharat Logistics,Credit,82568.29,akhan,rmehta,Credit entry for Office Supplies,
JE00108,2024-09-10,2024-09-10 13:14:00,Professional Fees,Bharat Logistics,Debit,21942.64,jverma,nsingh,Debit entry for Professional Fees,
JE00109,2024-05-17,2024-05-17 09:02:00,Bank Charges,Om Enterprises,Debit,3007.45,rmehta,jverma,Debit entry for Bank Charges,
JE00110,2024-09-14,2024-09-14 18:43:00,Sales Revenue,TechNova Pvt Ltd,Credit,12053.04,akhan,jverma,Credit entry for Sales Revenue,
JE00111,2024-07-02,2024-07-02 18:09:00,Salary Expense,Sharma Traders,Credit,9861.21,spatel,nsingh,Credit entry for Salary Expense,
JE00112,2024-07-28,2024-07-28 13:43:00,Travel Expense,Kumar & Co,Credit,8120.58,akhan,rmehta,Credit entry for Travel Expense,
JE00113,2025-01-05,2025-01-05 13:29:00,Salary Expense,Kumar & Co,Credit,159304.25,rmehta,nsingh,Credit entry for Salary Expense,
JE00114,2024-09-02,2024-09-02 13:44:00,Rent Expense,Kumar & Co,Debit,4295.4,jverma,spatel,Debit entry for Rent Expense,
JE00115,2024-08-30,2024-08-30 09:58:00,Sales Revenue,TechNova Pvt Ltd,Debit,52988.73,jverma,nsingh,Debit entry for Sales Revenue,
JE00116,2025-02-05,2025-02-05 12:39:00,Utilities Expense,TechNova Pvt Ltd,Debit,1857.09,jverma,nsingh,Debit entry for Utilities Expense,
JE00117,2024-08-07,2024-08-07 18:23:00,Professional Fees,Om Enterprises,Debit,7014.85,spatel,rmehta,Debit entry for Professional Fees,
JE00118,2024-06-07,2024-06-07 14:33:00,Purchase Expense,TechNova Pvt Ltd,Credit,55657.48,akhan,spatel,Credit entry for Purchase Expense,
JE00119,2024-12-13,2024-12-13 10:29:00,Office Supplies,TechNova Pvt Ltd,Credit,3804.76,spatel,akhan,Credit entry for Office Supplies,
JE00120,2024-05-09,2024-05-09 09:16:00,Salary Expense,Om Enterprises,Credit,57065.28,spatel,nsingh,Credit entry for Salary Expense,
JE00121,2024-12-31,2024-12-31 14:06:00,Purchase Expense,TechNova Pvt Ltd,Credit,22935.78,jverma,nsingh,Credit entry for Purchase Expense,
JE00122,2025-03-12,2025-03-12 16:58:00,Rent Expense,Sharma Traders,Credit,730.24,jverma,nsingh,Credit entry for Rent Expense,
JE00123,2025-03-25,2025-03-25 16:07:00,Office Supplies,Sharma Traders,Debit,3097.03,jverma,rmehta,Debit entry for Office Supplies,
JE00124,2024-05-20,2024-05-20 17:26:00,Rent Expense,Global Supplies Ltd,Credit,147677.97,nsingh,jverma,Credit entry for Rent Expense,
JE00125,2025-01-26,2025-01-26 13:02:00,Utilities Expense,Kumar & Co,Debit,138816.92,spatel,jverma,Debit entry for Utilities Expense,
JE00126,2025-03-20,2025-03-20 14:34:00,Consulting Income,Kumar & Co,Credit,906.77,spatel,spatel,Credit entry for Consulting Income,
JE00127,2025-02-25,2025-02-25 16:05:00,Consulting Income,Kumar & Co,Credit,147350.97,rmehta,spatel,Credit entry for Consulting Income,
JE00128,2025-03-06,2025-03-06 18:13:00,Rent Expense,Sharma Traders,Debit,1063.24,nsingh,akhan,Debit entry for Rent Expense,
JE00129,2024-05-06,2024-05-06 18:00:00,Interest Income,Bharat Logistics,Debit,1210.36,spatel,spatel,Debit entry for Interest Income,
JE00130,2024-08-20,2024-08-20 11:00:00,Salary Expense,Bharat Logistics,Credit,89850.27,spatel,spatel,Credit entry for Salary Expense,
JE00131,2024-10-01,2024-10-01 15:33:00,Rent Expense,TechNova Pvt Ltd,Debit,1068.57,nsingh,spatel,Debit entry for Rent Expense,
JE00132,2024-05-29,2024-05-29 17:14:00,Utilities Expense,Kumar & Co,Credit,961.03,rmehta,akhan,Credit entry for Utilities Expense,
JE00133,2025-02-09,2025-02-09 15:27:00,Sales Revenue,TechNova Pvt Ltd,Credit,8816.77,nsingh,rmehta,Credit entry for Sales Revenue,
JE00134,2025-03-18,2025-03-18 11:04:00,Purchase Expense,Om Enterprises,Credit,3444.48,jverma,rmehta,Credit entry for Purchase Expense,
JE00135,2024-06-04,2024-06-04 16:32:00,Office Supplies,Om Enterprises,Credit,12009.11,nsingh,jverma,Credit entry for Office Supplies,
JE00136,2025-02-04,2025-02-04 16:56:00,Bank Charges,Om Enterprises,Debit,1813.31,rmehta,nsingh,Debit entry for Bank Charges,
JE00137,2024-07-26,2024-07-26 14:42:00,Bank Charges,Kumar & Co,Credit,3252.67,akhan,jverma,Credit entry for Bank Charges,
JE00138,2024-08-09,2024-08-09 15:06:00,Consulting Income,Om Enterprises,Credit,833.86,spatel,rmehta,Credit entry for Consulting Income,
JE00139,2024-10-08,2024-10-08 15:55:00,Salary Expense,Sharma Traders,Credit,93788.33,nsingh,rmehta,Credit entry for Salary Expense,
JE00140,2024-04-27,2024-04-27 16:14:00,Office Supplies,TechNova Pvt Ltd,Credit,1788.67,nsingh,rmehta,Credit entry for Office Supplies,
JE00141,2024-05-26,2024-05-26 17:49:00,Consulting Income,TechNova Pvt Ltd,Debit,63009.85,nsingh,akhan,Debit entry for Consulting Income,
JE00142,2025-02-13,2025-02-13 13:58:00,Depreciation,Sharma Traders,Credit,33684.83,nsingh,rmehta,Credit entry for Depreciation,
JE00143,2024-09-21,2024-09-21 09:05:00,Consulting Income,Global Supplies Ltd,Debit,758.64,rmehta,nsingh,Debit entry for Consulting Income,
JE00144,2024-12-28,2024-12-28 14:49:00,Rent Expense,Kumar & Co,Credit,3234.96,jverma,akhan,Credit entry for Rent Expense,
JE00145,2025-01-16,2025-01-16 10:17:00,Depreciation,Sharma Traders,Debit,673.68,rmehta,spatel,Debit entry for Depreciation,
JE00146,2024-11-13,2024-11-13 10:22:00,Professional Fees,Kumar & Co,Credit,46065.67,jverma,jverma,Credit entry for Professional Fees,
JE00147,2024-11-07,2024-11-07 15:38:00,Purchase Expense,Om Enterprises,Credit,656.37,akhan,nsingh,Credit entry for Purchase Expense,
JE00148,2024-04-29,2024-04-29 10:00:00,Sales Revenue,TechNova Pvt Ltd,Debit,2832.23,spatel,spatel,Debit entry for Sales Revenue,
JE00149,2024-12-11,2024-12-11 17:53:00,Utilities Expense,Global Supplies Ltd,Debit,1984.87,jverma,jverma,Debit entry for Utilities Expense,
JE00150,2025-03-09,2025-03-09 18:27:00,Consulting Income,Kumar & Co,Debit,50000,rmehta,jverma,Debit entry for Consulting Income,round_number
JE00151,2025-01-19,2025-01-19 23:53:00,Bank Charges,TechNova Pvt Ltd,Debit,1400.21,jverma,jverma,Debit entry for Bank Charges,off_hours
JE00152,2025-03-20,2025-03-20 10:25:00,Consulting Income,Kumar & Co,Debit,5507.63,rmehta,spatel,Debit entry for Consulting Income,
JE00153,2024-09-06,2024-09-06 17:32:00,Utilities Expense,Global Supplies Ltd,Credit,22215.63,akhan,spatel,Credit entry for Utilities Expense,
JE00154,2024-07-09,2024-07-09 11:38:00,Consulting Income,Om Enterprises,Debit,2317.47,akhan,spatel,Debit entry for Consulting Income,
JE00155,2024-06-18,2024-06-18 16:43:00,Professional Fees,Global Supplies Ltd,Credit,47447.78,rmehta,jverma,Credit entry for Professional Fees,
JE00156,2025-01-15,2025-01-15 13:50:00,Professional Fees,TechNova Pvt Ltd,Credit,8301.01,nsingh,spatel,Credit entry for Professional Fees,
JE00157,2024-08-19,2024-08-19 14:53:00,Depreciation,TechNova Pvt Ltd,Debit,626.36,rmehta,akhan,Debit entry for Depreciation,
JE00158,2024-08-25,2024-08-25 09:28:00,Purchase Expense,Bharat Logistics,Credit,152032.89,rmehta,jverma,Credit entry for Purchase Expense,
JE00159,2025-01-18,2025-01-18 10:51:00,Professional Fees,TechNova Pvt Ltd,Credit,724.38,spatel,nsingh,Credit entry for Professional Fees,
JE00160,2024-09-23,2024-09-23 16:33:00,Utilities Expense,Bharat Logistics,Debit,6887.21,rmehta,rmehta,Debit entry for Utilities Expense,
JE00161,2024-12-24,2024-12-24 18:03:00,Depreciation,TechNova Pvt Ltd,Credit,51781.41,spatel,akhan,Credit entry for Depreciation,
JE00162,2025-02-18,2025-02-18 13:46:00,Professional Fees,Sharma Traders,Credit,5067.96,akhan,rmehta,Credit entry for Professional Fees,
JE00163,2025-03-03,2025-03-03 13:41:00,Depreciation,TechNova Pvt Ltd,Debit,121450.49,spatel,nsingh,Debit entry for Depreciation,
JE00164,2025-03-24,2025-03-24 14:52:00,Professional Fees,Global Supplies Ltd,Debit,23625.34,jverma,akhan,Debit entry for Professional Fees,
JE00165,2024-06-05,2024-06-05 11:13:00,Professional Fees,Sharma Traders,Credit,4390.06,nsingh,nsingh,Credit entry for Professional Fees,
JE00166,2024-09-22,2024-09-22 10:32:00,Travel Expense,Global Supplies Ltd,Debit,78745.06,spatel,spatel,Debit entry for Travel Expense,
JE00167,2025-01-02,2025-01-02 11:11:00,Utilities Expense,Sharma Traders,Credit,4777.69,nsingh,nsingh,Credit entry for Utilities Expense,
JE00168,2025-03-21,2025-03-21 12:28:00,Depreciation,Om Enterprises,Credit,28767.82,spatel,rmehta,Credit entry for Depreciation,
JE00169,2025-02-07,2025-02-07 12:23:00,Office Supplies,Global Supplies Ltd,Debit,54947.56,jverma,akhan,Debit entry for Office Supplies,
JE00170,2025-03-14,2025-03-14 11:52:00,Depreciation,Kumar & Co,Credit,6142.58,jverma,jverma,Credit entry for Depreciation,
JE00171,2024-07-12,2024-07-12 10:45:00,Depreciation,TechNova Pvt Ltd,Debit,13864.95,spatel,jverma,Debit entry for Depreciation,
JE00172,2024-12-21,2024-12-21 15:05:00,Purchase Expense,Sharma Traders,Debit,10832.9,akhan,akhan,Debit entry for Purchase Expense,
JE00173,2024-07-23,2024-07-23 15:05:00,Travel Expense,Sharma Traders,Credit,4699.38,akhan,rmehta,Credit entry for Travel Expense,
JE00174,2024-10-09,2024-10-09 13:58:00,Rent Expense,TechNova Pvt Ltd,Debit,1140.28,rmehta,akhan,Debit entry for Rent Expense,
JE00175,2024-11-28,2024-11-28 09:16:00,Utilities Expense,Om Enterprises,Credit,113779.9,spatel,jverma,Credit entry for Utilities Expense,
JE00176,2024-07-20,2024-07-20 10:03:00,Salary Expense,Om Enterprises,Credit,2076.46,nsingh,rmehta,Credit entry for Salary Expense,
JE00177,2024-08-01,2024-08-01 17:01:00,Bank Charges,Kumar & Co,Debit,9989.77,nsingh,rmehta,Debit entry for Bank Charges,
JE00178,2025-02-18,2025-02-18 12:36:00,Interest Income,Global Supplies Ltd,Debit,19894.88,nsingh,akhan,Debit entry for Interest Income,
JE00179,2024-10-31,2024-10-31 17:35:00,Salary Expense,Bharat Logistics,Credit,13022.79,rmehta,rmehta,Credit entry for Salary Expense,
JE00180,2024-04-11,2024-04-11 10:22:00,Bank Charges,Sharma Traders,Credit,551.1,jverma,akhan,Credit entry for Bank Charges,
JE00181,2024-08-02,2024-08-02 02:53:00,Utilities Expense,Bharat Logistics,Credit,65428.79,rmehta,spatel,Credit entry for Utilities Expense,off_hours
JE00182,2025-03-17,2025-03-17 16:02:00,Travel Expense,Om Enterprises,Debit,52319.55,jverma,spatel,Debit entry for Travel Expense,
JE00183,2024-08-29,2024-08-29 17:30:00,Rent Expense,Global Supplies Ltd,Debit,10965.51,rmehta,akhan,Debit entry for Rent Expense,
JE00184,2024-08-08,2024-08-08 10:51:00,Sales Revenue,TechNova Pvt Ltd,Credit,3653.07,spatel,rmehta,Credit entry for Sales Revenue,
JE00185,2024-10-06,2024-10-06 16:23:00,Bank Charges,Om Enterprises,Credit,1531.37,jverma,jverma,Credit entry for Bank Charges,
JE00186,2024-12-22,2024-12-22 11:34:00,Office Supplies,Om Enterprises,Credit,194211.58,rmehta,rmehta,Credit entry for Office Supplies,
JE00187,2024-08-29,2024-08-29 15:10:00,Consulting Income,Sharma Traders,Credit,18493.86,rmehta,akhan,Credit entry for Consulting Income,
JE00188,2025-03-20,2025-03-20 09:04:00,Travel Expense,Kumar & Co,Debit,6771.91,akhan,akhan,Debit entry for Travel Expense,
JE00189,2025-03-10,2025-03-10 16:02:00,Professional Fees,TechNova Pvt Ltd,Debit,19050.71,jverma,rmehta,Debit entry for Professional Fees,
JE00190,2024-06-04,2024-06-04 18:09:00,Purchase Expense,Om Enterprises,Credit,14961.48,spatel,akhan,Credit entry for Purchase Expense,
JE00191,2025-03-14,2025-03-14 15:20:00,Travel Expense,TechNova Pvt Ltd,Credit,11930.44,akhan,rmehta,Credit entry for Travel Expense,
JE00192,2025-02-27,2025-02-27 17:07:00,Office Supplies,Sharma Traders,Debit,5080.83,spatel,spatel,Debit entry for Office Supplies,
JE00193,2024-08-13,2024-08-13 10:28:00,Office Supplies,Global Supplies Ltd,Credit,1127.57,jverma,jverma,Credit entry for Office Supplies,
JE00194,2024-06-28,2024-06-28 13:57:00,Utilities Expense,Sharma Traders,Credit,13492.6,jverma,akhan,Credit entry for Utilities Expense,
JE00195,2024-09-01,2024-09-01 12:50:00,Salary Expense,TechNova Pvt Ltd,Debit,57540.34,spatel,rmehta,Debit entry for Salary Expense,
JE00196,2024-12-09,2024-12-09 18:56:00,Sales Revenue,Bharat Logistics,Credit,13626.63,akhan,jverma,Credit entry for Sales Revenue,
JE00197,2024-05-15,2024-05-15 18:04:00,Purchase Expense,Kumar & Co,Credit,5812.2,akhan,nsingh,Credit entry for Purchase Expense,
JE00198,2024-06-04,2024-06-04 17:40:00,Consulting Income,Kumar & Co,Credit,96266.46,rmehta,nsingh,Credit entry for Consulting Income,
JE00199,2025-01-26,2025-01-26 11:20:00,Salary Expense,Kumar & Co,Debit,3092.58,spatel,rmehta,Debit entry for Salary Expense,
JE00200,2025-03-30,2025-03-30 17:17:00,Rent Expense,Bharat Logistics,Credit,22460.87,akhan,rmehta,Credit entry for Rent Expense,
JE00201,2024-06-04,2024-06-04 18:09:00,Professional Fees,Bharat Logistics,Debit,17333.69,akhan,nsingh,Debit entry for Professional Fees,
JE00202,2024-06-27,2024-06-27 09:41:00,Professional Fees,Om Enterprises,Credit,10000,nsingh,nsingh,Credit entry for Professional Fees,round_number
JE00203,2025-01-21,2025-01-21 17:18:00,Office Supplies,Bharat Logistics,Credit,9883.14,spatel,nsingh,Credit entry for Office Supplies,
JE00204,2025-02-23,2025-02-23 11:28:00,Office Supplies,Global Supplies Ltd,Credit,30958.78,jverma,akhan,Credit entry for Office Supplies,
JE00205,2024-10-30,2024-10-30 14:46:00,Travel Expense,Global Supplies Ltd,Credit,87217.95,jverma,nsingh,Credit entry for Travel Expense,
JE00206,2024-09-24,2024-09-24 16:15:00,Bank Charges,TechNova Pvt Ltd,Debit,1041.79,spatel,akhan,Debit entry for Bank Charges,
JE00207,2024-06-12,2024-06-12 11:52:00,Purchase Expense,TechNova Pvt Ltd,Credit,159932.36,rmehta,nsingh,Credit entry for Purchase Expense,
JE00208,2024-09-15,2024-09-15 13:31:00,Depreciation,Global Supplies Ltd,Debit,8196.92,akhan,jverma,Debit entry for Depreciation,
JE00209,2024-04-12,2024-04-12 09:18:00,Purchase Expense,Bharat Logistics,Credit,4142.13,jverma,spatel,Credit entry for Purchase Expense,
JE00210,2024-12-10,2024-12-10 14:48:00,Depreciation,TechNova Pvt Ltd,Debit,98894.64,jverma,rmehta,Debit entry for Depreciation,
JE00211,2024-10-24,2024-10-24 13:04:00,Consulting Income,Kumar & Co,Debit,4388.12,rmehta,nsingh,Debit entry for Consulting Income,
JE00212,2024-10-15,2024-10-15 10:25:00,Interest Income,Bharat Logistics,Credit,1018.88,jverma,nsingh,Credit entry for Interest Income,
JE00213,2024-10-09,2024-10-09 09:02:00,Consulting Income,TechNova Pvt Ltd,Debit,5538.64,nsingh,spatel,Debit entry for Consulting Income,
JE00214,2024-04-20,2024-04-20 14:59:00,Salary Expense,Kumar & Co,Credit,10973.54,akhan,spatel,Credit entry for Salary Expense,
JE00215,2025-02-08,2025-02-08 17:31:00,Consulting Income,Kumar & Co,Credit,71487.26,spatel,nsingh,Credit entry for Consulting Income,
JE00216,2025-03-29,2025-03-29 15:37:00,Depreciation,Kumar & Co,Debit,964.2,akhan,akhan,Debit entry for Depreciation,
JE00217,2024-09-05,2024-09-05 18:36:00,Utilities Expense,Bharat Logistics,Credit,54466.96,rmehta,akhan,Credit entry for Utilities Expense,
JE00218,2024-07-26,2024-07-26 15:09:00,Utilities Expense,Bharat Logistics,Credit,37629.72,rmehta,spatel,Credit entry for Utilities Expense,
JE00219,2025-03-15,2025-03-15 23:44:00,Rent Expense,Bharat Logistics,Debit,6146.98,rmehta,spatel,Debit entry for Rent Expense,off_hours
JE00220,2024-07-14,2024-07-14 17:20:00,Bank Charges,Bharat Logistics,Credit,11184.46,nsingh,rmehta,Credit entry for Bank Charges,
JE00221,2025-03-06,2025-03-06 17:22:00,Travel Expense,Kumar & Co,Credit,12195.47,nsingh,spatel,Credit entry for Travel Expense,
JE00222,2025-03-13,2025-03-13 13:14:00,Utilities Expense,Bharat Logistics,Credit,2660.49,akhan,spatel,Credit entry for Utilities Expense,
JE00223,2024-08-31,2024-08-31 13:18:00,Office Supplies,Om Enterprises,Credit,14367.87,spatel,akhan,Credit entry for Office Supplies,
JE00224,2024-06-02,2024-06-02 13:02:00,Depreciation,Kumar & Co,Credit,62033.84,nsingh,akhan,Credit entry for Depreciation,
JE00225,2024-08-26,2024-08-26 17:17:00,Utilities Expense,TechNova Pvt Ltd,Credit,1802.09,rmehta,akhan,Credit entry for Utilities Expense,
JE00226,2025-01-13,2025-01-13 09:42:00,Utilities Expense,Global Supplies Ltd,Debit,2096.99,akhan,nsingh,Debit entry for Utilities Expense,
JE00227,2024-12-28,2024-12-28 11:00:00,Rent Expense,Sharma Traders,Debit,8476.05,spatel,jverma,Debit entry for Rent Expense,
JE00228,2025-01-07,2025-01-07 13:20:00,Salary Expense,Om Enterprises,Credit,46333.59,jverma,jverma,Credit entry for Salary Expense,
JE00229,2024-08-25,2024-08-25 09:58:00,Professional Fees,Sharma Traders,Debit,81580.76,rmehta,nsingh,Debit entry for Professional Fees,
JE00230,2024-06-29,2024-06-29 13:56:00,Bank Charges,Sharma Traders,Credit,44455.07,spatel,jverma,Credit entry for Bank Charges,
JE00231,2024-04-20,2024-04-20 17:33:00,Sales Revenue,Bharat Logistics,Debit,187355.38,akhan,akhan,Debit entry for Sales Revenue,
JE00232,2024-12-09,2024-12-09 16:41:00,Salary Expense,Kumar & Co,Credit,3626.02,nsingh,spatel,Credit entry for Salary Expense,
JE00233,2024-08-10,2024-08-10 11:39:00,Utilities Expense,Sharma Traders,Credit,46715.95,spatel,akhan,Credit entry for Utilities Expense,
JE00234,2025-02-22,2025-02-22 11:30:00,Bank Charges,Bharat Logistics,Credit,885.46,jverma,rmehta,Credit entry for Bank Charges,
JE00235,2024-09-13,2024-09-13 14:19:00,Rent Expense,TechNova Pvt Ltd,Credit,2475.74,rmehta,spatel,Credit entry for Rent Expense,
JE00236,2025-01-24,2025-01-24 10:29:00,Utilities Expense,Sharma Traders,Credit,725.47,nsingh,akhan,Credit entry for Utilities Expense,
JE00237,2024-09-05,2024-09-05 14:39:00,Salary Expense,Om Enterprises,Credit,140139.42,jverma,rmehta,Credit entry for Salary Expense,
JE00238,2024-07-23,2024-07-23 15:44:00,Rent Expense,Kumar & Co,Debit,18842.52,spatel,jverma,Debit entry for Rent Expense,
JE00239,2025-01-07,2025-01-07 10:33:00,Travel Expense,Om Enterprises,Debit,17754.77,nsingh,spatel,Debit entry for Travel Expense,
JE00240,2024-11-15,2024-11-15 12:36:00,Interest Income,Sharma Traders,Debit,111773.58,akhan,rmehta,Debit entry for Interest Income,
JE00241,2024-12-31,2024-12-31 16:05:00,Salary Expense,TechNova Pvt Ltd,Credit,36680.36,spatel,rmehta,Credit entry for Salary Expense,
JE00242,2024-12-18,2024-12-18 17:29:00,Travel Expense,Kumar & Co,Debit,14665.63,rmehta,nsingh,Debit entry for Travel Expense,
JE00243,2025-03-11,2025-03-11 09:27:00,Office Supplies,Kumar & Co,Credit,15987.13,rmehta,rmehta,Credit entry for Office Supplies,
JE00244,2024-09-24,2024-09-24 13:26:00,Utilities Expense,Bharat Logistics,Debit,8459.17,rmehta,rmehta,Debit entry for Utilities Expense,
JE00245,2024-07-02,2024-07-02 15:05:00,Salary Expense,TechNova Pvt Ltd,Credit,114401.82,jverma,jverma,Credit entry for Salary Expense,
JE00246,2025-03-16,2025-03-16 17:08:00,Professional Fees,Global Supplies Ltd,Credit,12501.12,nsingh,rmehta,Credit entry for Professional Fees,
JE00247,2024-07-24,2024-07-24 12:15:00,Sales Revenue,TechNova Pvt Ltd,Credit,4851.43,rmehta,nsingh,Credit entry for Sales Revenue,
JE00248,2024-11-22,2024-11-22 09:15:00,Consulting Income,TechNova Pvt Ltd,Debit,19908.43,spatel,rmehta,Debit entry for Consulting Income,duplicate_source
JE00248D,2024-11-22,2024-11-22 09:15:00,Consulting Income,TechNova Pvt Ltd,Debit,19908.43,spatel,rmehta,Debit entry for Consulting Income,duplicate_copy
JE00249,2024-07-15,2024-07-15 09:15:00,Purchase Expense,Bharat Logistics,Debit,33803.61,rmehta,jverma,Debit entry for Purchase Expense,
JE00250,2024-04-23,2024-04-23 12:52:00,Bank Charges,Global Supplies Ltd,Debit,192341.73,jverma,rmehta,Debit entry for Bank Charges,
JE00251,2025-01-20,2025-01-20 17:14:00,Consulting Income,Bharat Logistics,Credit,1179.62,nsingh,spatel,Credit entry for Consulting Income,
JE00252,2024-10-29,2024-10-29 14:41:00,Office Supplies,Sharma Traders,Debit,662.16,akhan,jverma,Debit entry for Office Supplies,
JE00253,2025-03-10,2025-03-10 17:30:00,Bank Charges,TechNova Pvt Ltd,Credit,4770.26,nsingh,jverma,Credit entry for Bank Charges,
JE00254,2024-08-02,2024-08-02 15:35:00,Rent Expense,Om Enterprises,Debit,14532.22,akhan,jverma,Debit entry for Rent Expense,
JE00255,2024-12-28,2024-12-28 16:54:00,Salary Expense,Global Supplies Ltd,Credit,803.0,jverma,spatel,Credit entry for Salary Expense,
JE00256,2024-10-07,2024-10-07 18:02:00,Purchase Expense,Om Enterprises,Debit,28307.71,nsingh,rmehta,Debit entry for Purchase Expense,
JE00257,2024-05-08,2024-05-08 13:58:00,Rent Expense,Om Enterprises,Debit,114583.96,nsingh,jverma,Debit entry for Rent Expense,
JE00258,2024-04-08,2024-04-08 12:25:00,Rent Expense,Om Enterprises,Debit,32287.27,spatel,jverma,Debit entry for Rent Expense,
JE00259,2024-08-01,2024-08-01 13:23:00,Interest Income,TechNova Pvt Ltd,Credit,4303.13,akhan,jverma,Credit entry for Interest Income,
JE00260,2024-12-19,2024-12-19 15:02:00,Travel Expense,Sharma Traders,Credit,4608.57,jverma,akhan,Credit entry for Travel Expense,
JE00261,2025-01-14,2025-01-14 15:18:00,Rent Expense,Sharma Traders,Credit,16066.99,spatel,nsingh,Credit entry for Rent Expense,
JE00262,2024-06-18,2024-06-18 14:16:00,Rent Expense,Global Supplies Ltd,Credit,9958.24,akhan,nsingh,Credit entry for Rent Expense,
JE00263,2024-12-07,2024-12-07 16:11:00,Utilities Expense,Kumar & Co,Debit,37434.24,jverma,akhan,Debit entry for Utilities Expense,
JE00264,2025-01-03,2025-01-03 09:26:00,Professional Fees,Bharat Logistics,Debit,27397.25,rmehta,rmehta,Debit entry for Professional Fees,
JE00265,2024-06-10,2024-06-10 09:39:00,Professional Fees,Sharma Traders,Debit,7683.06,spatel,rmehta,Debit entry for Professional Fees,
JE00266,2025-02-21,2025-02-21 17:46:00,Professional Fees,Kumar & Co,Credit,536.79,nsingh,rmehta,Credit entry for Professional Fees,duplicate_source
JE00266D,2025-02-21,2025-02-21 17:46:00,Professional Fees,Kumar & Co,Credit,536.79,nsingh,rmehta,Credit entry for Professional Fees,duplicate_copy
JE00267,2024-08-19,2024-08-19 11:15:00,Interest Income,Sharma Traders,Credit,890.4,akhan,spatel,Credit entry for Interest Income,
JE00268,2024-07-08,2024-07-08 15:29:00,Depreciation,TechNova Pvt Ltd,Credit,802.75,nsingh,akhan,Credit entry for Depreciation,
JE00269,2025-01-15,2025-01-15 17:30:00,Rent Expense,TechNova Pvt Ltd,Debit,4851.07,spatel,rmehta,Debit entry for Rent Expense,
JE00270,2024-04-29,2024-04-29 14:36:00,Professional Fees,Om Enterprises,Debit,6730.22,rmehta,rmehta,Debit entry for Professional Fees,
JE00271,2024-05-19,2024-05-19 10:43:00,Interest Income,Global Supplies Ltd,Debit,660.89,rmehta,nsingh,Debit entry for Interest Income,
JE00272,2024-08-22,2024-08-22 12:37:00,Interest Income,Om Enterprises,Debit,3290.62,nsingh,spatel,Debit entry for Interest Income,
JE00273,2024-06-13,2024-06-13 15:43:00,Utilities Expense,Sharma Traders,Credit,14912.37,jverma,spatel,Credit entry for Utilities Expense,
JE00274,2025-01-02,2025-01-02 09:06:00,Consulting Income,Om Enterprises,Debit,171481.69,jverma,rmehta,Debit entry for Consulting Income,
JE00275,2024-11-10,2024-11-10 23:31:00,Rent Expense,TechNova Pvt Ltd,Credit,54677.58,rmehta,akhan,Credit entry for Rent Expense,off_hours
JE00276,2024-07-26,2024-07-26 10:49:00,Consulting Income,Kumar & Co,Credit,26186.53,nsingh,spatel,Credit entry for Consulting Income,
JE00277,2025-02-11,2025-02-11 11:47:00,Office Supplies,Om Enterprises,Debit,4872.51,spatel,rmehta,Debit entry for Office Supplies,
JE00278,2024-10-17,2024-10-17 13:06:00,Consulting Income,Sharma Traders,Debit,7181.24,akhan,rmehta,Debit entry for Consulting Income,
JE00279,2024-06-07,2024-06-07 09:05:00,Purchase Expense,Kumar & Co,Credit,5764.02,spatel,nsingh,Credit entry for Purchase Expense,
JE00280,2024-09-29,2024-09-29 10:46:00,Interest Income,Bharat Logistics,Credit,5105.61,rmehta,jverma,Credit entry for Interest Income,duplicate_source
JE00280D,2024-09-29,2024-09-29 10:46:00,Interest Income,Bharat Logistics,Credit,5105.61,rmehta,jverma,Credit entry for Interest Income,duplicate_copy
JE00281,2025-01-12,2025-01-12 13:31:00,Rent Expense,Bharat Logistics,Debit,2504.46,nsingh,jverma,Debit entry for Rent Expense,
JE00282,2024-06-14,2024-06-14 14:16:00,Purchase Expense,Kumar & Co,Credit,54389.56,spatel,jverma,Credit entry for Purchase Expense,
JE00283,2024-08-05,2024-08-05 15:21:00,Utilities Expense,Bharat Logistics,Debit,3102.48,jverma,jverma,Debit entry for Utilities Expense,
JE00284,2025-02-12,2025-02-12 18:08:00,Bank Charges,Kumar & Co,Credit,86191.13,akhan,jverma,Credit entry for Bank Charges,
JE00285,2024-09-01,2024-09-01 14:18:00,Consulting Income,Om Enterprises,Debit,161752.51,nsingh,jverma,Debit entry for Consulting Income,
JE00286,2025-03-22,2025-03-22 15:23:00,Professional Fees,Bharat Logistics,Debit,66609.74,jverma,akhan,Debit entry for Professional Fees,
JE00287,2024-05-29,2024-05-29 12:28:00,Depreciation,Bharat Logistics,Debit,142117.42,spatel,nsingh,Debit entry for Depreciation,duplicate_source
JE00287D,2024-05-29,2024-05-29 12:28:00,Depreciation,Bharat Logistics,Debit,142117.42,spatel,nsingh,Debit entry for Depreciation,duplicate_copy
JE00288,2024-08-28,2024-08-28 11:45:00,Utilities Expense,Kumar & Co,Credit,2131.69,rmehta,spatel,Credit entry for Utilities Expense,
JE00289,2024-11-03,2024-11-03 15:34:00,Bank Charges,Kumar & Co,Credit,10404.15,rmehta,nsingh,Credit entry for Bank Charges,
JE00290,2024-04-19,2024-04-19 14:10:00,Consulting Income,Bharat Logistics,Debit,25709.22,nsingh,rmehta,Debit entry for Consulting Income,
JE00291,2025-02-26,2025-02-26 09:06:00,Depreciation,Bharat Logistics,Credit,6592.36,rmehta,akhan,Credit entry for Depreciation,
JE00292,2024-08-11,2024-08-11 18:44:00,Rent Expense,Om Enterprises,Debit,8014.72,nsingh,jverma,Debit entry for Rent Expense,
JE00293,2024-12-13,2024-12-13 10:07:00,Salary Expense,Sharma Traders,Credit,124248.15,akhan,rmehta,Credit entry for Salary Expense,
JE00294,2024-06-12,2024-06-12 10:28:00,Consulting Income,TechNova Pvt Ltd,Credit,4029.66,akhan,spatel,Credit entry for Consulting Income,
JE00295,2025-03-23,2025-03-23 14:41:00,Travel Expense,Sharma Traders,Credit,996.39,akhan,rmehta,Credit entry for Travel Expense,
JE00296,2024-05-26,2024-05-26 17:27:00,Professional Fees,Om Enterprises,Debit,1305.13,spatel,nsingh,Debit entry for Professional Fees,
JE00297,2024-11-23,2024-11-23 09:47:00,Rent Expense,Om Enterprises,Debit,6659.01,jverma,spatel,Debit entry for Rent Expense,
JE00298,2025-02-09,2025-02-09 10:36:00,Rent Expense,Bharat Logistics,Credit,1715.67,jverma,jverma,Credit entry for Rent Expense,same_approver
JE00299,2024-05-23,2024-05-23 16:33:00,Interest Income,TechNova Pvt Ltd,Credit,2407.85,spatel,spatel,Credit entry for Interest Income,
JE00300,2025-02-22,2025-02-22 16:39:00,Consulting Income,Kumar & Co,Credit,4119.61,nsingh,nsingh,Credit entry for Consulting Income,
JE00301,2024-06-28,2024-06-28 10:11:00,Professional Fees,Bharat Logistics,Debit,2088.1,akhan,spatel,Debit entry for Professional Fees,
JE00302,2024-10-09,2024-10-09 15:11:00,Utilities Expense,Bharat Logistics,Credit,15654.88,spatel,jverma,Credit entry for Utilities Expense,
JE00303,2024-12-06,2024-12-06 11:20:00,Professional Fees,Om Enterprises,Debit,2821.86,nsingh,nsingh,Debit entry for Professional Fees,
JE00304,2024-11-17,2024-11-17 17:32:00,Depreciation,TechNova Pvt Ltd,Debit,66101.42,rmehta,jverma,Debit entry for Depreciation,
JE00305,2025-03-01,2025-03-01 11:05:00,Travel Expense,Om Enterprises,Credit,7143.3,jverma,jverma,Credit entry for Travel Expense,
JE00306,2025-01-15,2025-01-15 16:36:00,Sales Revenue,TechNova Pvt Ltd,Debit,2819.08,spatel,akhan,Debit entry for Sales Revenue,
JE00307,2024-12-10,2024-12-10 14:34:00,Interest Income,Sharma Traders,Debit,69374.72,nsingh,akhan,Debit entry for Interest Income,
JE00308,2024-04-22,2024-04-22 12:19:00,Utilities Expense,Bharat Logistics,Debit,72254.32,jverma,jverma,Debit entry for Utilities Expense,
JE00309,2024-04-17,2024-04-17 12:13:00,Travel Expense,TechNova Pvt Ltd,Debit,1010.22,akhan,jverma,Debit entry for Travel Expense,
JE00310,2025-01-27,2025-01-27 12:51:00,Utilities Expense,Om Enterprises,Credit,55105.51,akhan,spatel,Credit entry for Utilities Expense,
JE00311,2024-05-01,2024-05-01 13:18:00,Depreciation,Bharat Logistics,Credit,3476.45,akhan,nsingh,Credit entry for Depreciation,
JE00312,2025-01-19,2025-01-19 09:17:00,Office Supplies,Om Enterprises,Debit,55384.12,nsingh,spatel,Debit entry for Office Supplies,
JE00313,2025-03-02,2025-03-02 15:31:00,Salary Expense,Global Supplies Ltd,Debit,47903.8,spatel,akhan,Debit entry for Salary Expense,
JE00314,2024-06-12,2024-06-12 10:25:00,Depreciation,Om Enterprises,Credit,22269.35,akhan,jverma,Credit entry for Depreciation,
JE00315,2024-12-20,2024-12-20 09:55:00,Utilities Expense,Om Enterprises,Credit,3553.01,akhan,jverma,Credit entry for Utilities Expense,
JE00316,2024-05-18,2024-05-18 15:52:00,Utilities Expense,Om Enterprises,Credit,5418.14,jverma,rmehta,Credit entry for Utilities Expense,
JE00317,2024-07-18,2024-07-18 16:50:00,Travel Expense,TechNova Pvt Ltd,Credit,1093.41,akhan,akhan,Credit entry for Travel Expense,
JE00318,2024-09-23,2024-09-23 09:27:00,Professional Fees,Sharma Traders,Debit,7034.33,rmehta,rmehta,Debit entry for Professional Fees,same_approver
JE00319,2024-07-13,2024-07-13 10:41:00,Utilities Expense,Om Enterprises,Credit,95482.3,spatel,spatel,Credit entry for Utilities Expense,
JE00320,2024-10-02,2024-10-02 12:27:00,Office Supplies,TechNova Pvt Ltd,Debit,3118.34,rmehta,rmehta,Debit entry for Office Supplies,
JE00321,2025-03-02,2025-03-02 17:43:00,Purchase Expense,Sharma Traders,Debit,17529.1,rmehta,jverma,Debit entry for Purchase Expense,
JE00322,2024-11-14,2024-11-14 11:30:00,Sales Revenue,Om Enterprises,Credit,6278.5,rmehta,rmehta,Credit entry for Sales Revenue,
JE00323,2024-05-07,2024-05-07 11:24:00,Rent Expense,Sharma Traders,Debit,98029.37,jverma,rmehta,Debit entry for Rent Expense,
JE00324,2024-06-08,2024-06-08 12:40:00,Professional Fees,Sharma Traders,Debit,6984.5,spatel,nsingh,Debit entry for Professional Fees,
JE00325,2024-06-17,2024-06-17 10:37:00,Bank Charges,Om Enterprises,Credit,912.82,nsingh,spatel,Credit entry for Bank Charges,
JE00326,2024-10-14,2024-10-14 17:38:00,Consulting Income,TechNova Pvt Ltd,Debit,828.3,jverma,spatel,Debit entry for Consulting Income,
JE00327,2025-02-02,2025-02-02 12:47:00,Utilities Expense,TechNova Pvt Ltd,Debit,18977.11,nsingh,akhan,Debit entry for Utilities Expense,
JE00328,2024-10-18,2024-10-18 18:04:00,Office Supplies,Global Supplies Ltd,Credit,9975.02,rmehta,jverma,Credit entry for Office Supplies,
JE00329,2024-12-27,2024-12-27 14:34:00,Sales Revenue,TechNova Pvt Ltd,Debit,15063.64,akhan,jverma,Debit entry for Sales Revenue,
JE00330,2025-03-16,2025-03-16 09:59:00,Salary Expense,Sharma Traders,Debit,2405.43,jverma,nsingh,Debit entry for Salary Expense,
JE00331,2024-05-01,2024-05-01 17:34:00,Bank Charges,TechNova Pvt Ltd,Credit,819.32,nsingh,jverma,Credit entry for Bank Charges,
JE00332,2025-02-10,2025-02-10 11:34:00,Salary Expense,Sharma Traders,Credit,1689.28,akhan,rmehta,Credit entry for Salary Expense,
JE00333,2024-09-15,2024-09-15 12:03:00,Bank Charges,Om Enterprises,Debit,39661.17,nsingh,akhan,Debit entry for Bank Charges,
JE00334,2024-08-04,2024-08-04 11:07:00,Purchase Expense,Sharma Traders,Credit,3189.78,jverma,nsingh,Credit entry for Purchase Expense,
JE00335,2024-04-07,2024-04-07 17:50:00,Utilities Expense,Om Enterprises,Debit,3991.33,spatel,spatel,Debit entry for Utilities Expense,
JE00336,2024-08-11,2024-08-11 15:17:00,Salary Expense,Global Supplies Ltd,Credit,596.15,akhan,rmehta,Credit entry for Salary Expense,
JE00337,2024-12-25,2024-12-25 16:54:00,Purchase Expense,Om Enterprises,Debit,4325.48,akhan,jverma,Debit entry for Purchase Expense,
JE00338,2025-01-16,2025-01-16 10:14:00,Salary Expense,Global Supplies Ltd,Credit,28383.88,akhan,rmehta,Credit entry for Salary Expense,
JE00339,2024-12-17,2024-12-17 11:11:00,Sales Revenue,Sharma Traders,Debit,4960.27,rmehta,rmehta,Debit entry for Sales Revenue,
JE00340,2024-04-19,2024-04-19 13:52:00,Interest Income,Global Supplies Ltd,Credit,37428.5,jverma,spatel,Credit entry for Interest Income,
JE00341,2024-05-10,2024-05-10 09:25:00,Depreciation,Sharma Traders,Debit,10991.2,akhan,spatel,Debit entry for Depreciation,
JE00342,2024-05-06,2024-05-06 12:18:00,Travel Expense,TechNova Pvt Ltd,Credit,524.45,akhan,rmehta,Credit entry for Travel Expense,
JE00343,2025-01-14,2025-01-14 12:46:00,Office Supplies,Global Supplies Ltd,Credit,9610.02,nsingh,akhan,Credit entry for Office Supplies,
JE00344,2025-01-05,2025-01-05 09:21:00,Rent Expense,Sharma Traders,Credit,3984.6,spatel,rmehta,Credit entry for Rent Expense,
JE00345,2024-04-01,2024-04-01 15:31:00,Professional Fees,Om Enterprises,Credit,180757.42,jverma,rmehta,Credit entry for Professional Fees,
JE00346,2024-05-01,2024-05-01 14:29:00,Salary Expense,Sharma Traders,Debit,11256.79,akhan,spatel,Debit entry for Salary Expense,
JE00347,2024-05-14,2024-05-14 15:42:00,Depreciation,Bharat Logistics,Debit,15013.21,rmehta,jverma,Debit entry for Depreciation,
JE00348,2024-06-06,2024-06-06 14:28:00,Rent Expense,TechNova Pvt Ltd,Credit,40963.99,akhan,jverma,Credit entry for Rent Expense,
JE00349,2024-08-18,2024-08-18 16:29:00,Rent Expense,Global Supplies Ltd,Debit,941.67,rmehta,nsingh,Debit entry for Rent Expense,
JE00350,2024-09-08,2024-09-08 10:05:00,Bank Charges,Bharat Logistics,Credit,8028.34,rmehta,spatel,Credit entry for Bank Charges,
JE00351,2024-06-20,2024-06-20 10:45:00,Professional Fees,Om Enterprises,Debit,3563.76,akhan,spatel,Debit entry for Professional Fees,
JE00352,2024-08-06,2024-08-06 09:25:00,Consulting Income,Bharat Logistics,Debit,189134.17,jverma,akhan,Debit entry for Consulting Income,
JE00353,2024-11-18,2024-11-18 10:00:00,Interest Income,Global Supplies Ltd,Debit,58144.76,nsingh,jverma,Debit entry for Interest Income,
JE00354,2024-05-02,2024-05-02 10:37:00,Rent Expense,Global Supplies Ltd,Credit,137592.94,spatel,akhan,Credit entry for Rent Expense,
JE00355,2025-01-26,2025-01-26 11:05:00,Office Supplies,Sharma Traders,Debit,7125.33,rmehta,spatel,Debit entry for Office Supplies,
JE00356,2024-09-17,2024-09-17 15:31:00,Purchase Expense,Kumar & Co,Debit,6699.91,rmehta,spatel,Debit entry for Purchase Expense,
JE00357,2024-04-16,2024-04-16 16:56:00,Bank Charges,Global Supplies Ltd,Credit,2597.1,jverma,spatel,Credit entry for Bank Charges,
JE00358,2024-06-16,2024-06-16 16:03:00,Sales Revenue,Bharat Logistics,Debit,99086.12,nsingh,akhan,Debit entry for Sales Revenue,
JE00359,2024-05-15,2024-05-15 12:40:00,Office Supplies,Global Supplies Ltd,Credit,59337.18,jverma,spatel,Credit entry for Office Supplies,
JE00360,2025-01-04,2025-01-04 18:32:00,Sales Revenue,Om Enterprises,Credit,9122.95,jverma,jverma,Credit entry for Sales Revenue,
JE00361,2024-09-12,2024-09-12 13:03:00,Bank Charges,Global Supplies Ltd,Debit,595.96,akhan,akhan,Debit entry for Bank Charges,
JE00362,2024-11-28,2024-11-28 13:34:00,Interest Income,Bharat Logistics,Debit,25595.91,akhan,spatel,Debit entry for Interest Income,
JE00363,2024-04-29,2024-04-29 14:58:00,Rent Expense,Kumar & Co,Credit,17407.7,nsingh,spatel,Credit entry for Rent Expense,
JE00364,2025-01-28,2025-01-28 16:34:00,Sales Revenue,Bharat Logistics,Debit,75180.53,akhan,nsingh,Debit entry for Sales Revenue,
JE00365,2024-09-06,2024-09-06 17:30:00,Salary Expense,Sharma Traders,Debit,1854.91,jverma,rmehta,Debit entry for Salary Expense,
JE00366,2024-04-01,2024-04-01 14:03:00,Consulting Income,Global Supplies Ltd,Debit,122939.86,nsingh,akhan,Debit entry for Consulting Income,
JE00367,2024-04-12,2024-04-12 10:23:00,Salary Expense,Om Enterprises,Debit,86792.78,nsingh,rmehta,Debit entry for Salary Expense,
JE00368,2025-03-27,2025-03-27 11:46:00,Professional Fees,Bharat Logistics,Debit,1132.47,jverma,akhan,Debit entry for Professional Fees,
JE00369,2024-11-10,2024-11-10 18:50:00,Professional Fees,Om Enterprises,Credit,14496.68,jverma,spatel,Credit entry for Professional Fees,
JE00370,2024-09-30,2024-09-30 11:46:00,Rent Expense,Global Supplies Ltd,Credit,2919.59,nsingh,akhan,Credit entry for Rent Expense,
JE00371,2024-04-01,2024-04-01 18:14:00,Utilities Expense,Kumar & Co,Debit,124613.96,nsingh,spatel,Debit entry for Utilities Expense,
JE00372,2025-02-22,2025-02-22 14:10:00,Depreciation,Kumar & Co,Debit,2080.89,rmehta,akhan,Debit entry for Depreciation,
JE00373,2025-02-20,2025-02-20 14:16:00,Purchase Expense,Kumar & Co,Debit,31816.74,akhan,akhan,Debit entry for Purchase Expense,
JE00374,2024-05-26,2024-05-26 15:31:00,Utilities Expense,Sharma Traders,Credit,166200.03,rmehta,jverma,Credit entry for Utilities Expense,
JE00375,2024-10-11,2024-10-11 12:10:00,Consulting Income,Kumar & Co,Debit,15962.65,nsingh,jverma,Debit entry for Consulting Income,
JE00376,2024-11-18,2024-11-18 14:10:00,Purchase Expense,TechNova Pvt Ltd,Debit,936.42,rmehta,akhan,Debit entry for Purchase Expense,
JE00377,2024-10-10,2024-10-10 16:45:00,Salary Expense,Bharat Logistics,Debit,19756.52,rmehta,akhan,Debit entry for Salary Expense,
JE00378,2024-04-16,2024-04-16 02:26:00,Bank Charges,Bharat Logistics,Credit,1713.27,spatel,spatel,Credit entry for Bank Charges,off_hours
JE00379,2025-03-23,2025-03-23 18:35:00,Interest Income,TechNova Pvt Ltd,Credit,673.17,nsingh,akhan,Credit entry for Interest Income,
JE00380,2024-12-08,2024-12-08 18:30:00,Salary Expense,TechNova Pvt Ltd,Debit,69630.61,rmehta,jverma,Debit entry for Salary Expense,
JE00381,2024-07-12,2024-07-12 10:19:00,Purchase Expense,Global Supplies Ltd,Debit,8535.51,rmehta,akhan,Debit entry for Purchase Expense,
JE00382,2024-10-21,2024-10-21 14:56:00,Travel Expense,Om Enterprises,Credit,5097.28,jverma,rmehta,Credit entry for Travel Expense,
JE00383,2024-10-13,2024-10-13 13:36:00,Consulting Income,Kumar & Co,Debit,2423.01,spatel,akhan,Debit entry for Consulting Income,
JE00384,2024-05-02,2024-05-02 12:35:00,Salary Expense,Sharma Traders,Credit,46485.36,rmehta,nsingh,Credit entry for Salary Expense,
JE00385,2024-05-02,2024-05-02 10:25:00,Bank Charges,Kumar & Co,Credit,8674.27,nsingh,nsingh,Credit entry for Bank Charges,
JE00386,2024-04-18,2024-04-18 11:13:00,Interest Income,Bharat Logistics,Debit,7368.83,nsingh,rmehta,Debit entry for Interest Income,
JE00387,2024-07-08,2024-07-08 11:53:00,Salary Expense,Kumar & Co,Debit,69076.6,rmehta,jverma,Debit entry for Salary Expense,
JE00388,2025-01-30,2025-01-30 14:54:00,Office Supplies,Om Enterprises,Debit,5406.44,akhan,rmehta,Debit entry for Office Supplies,
JE00389,2024-08-20,2024-08-20 18:37:00,Interest Income,Sharma Traders,Credit,1215.05,jverma,rmehta,Credit entry for Interest Income,
JE00390,2024-05-22,2024-05-22 13:24:00,Purchase Expense,Sharma Traders,Credit,96228.06,nsingh,nsingh,Credit entry for Purchase Expense,
JE00391,2025-03-02,2025-03-02 18:38:00,Travel Expense,Bharat Logistics,Credit,5591.55,nsingh,rmehta,Credit entry for Travel Expense,
JE00392,2025-03-15,2025-03-15 16:58:00,Utilities Expense,Sharma Traders,Credit,671.78,jverma,akhan,Credit entry for Utilities Expense,
JE00393,2024-08-16,2024-08-16 10:55:00,Consulting Income,TechNova Pvt Ltd,Credit,9510.27,rmehta,akhan,Credit entry for Consulting Income,
JE00394,2024-07-26,2024-07-26 10:12:00,Salary Expense,Om Enterprises,Credit,6073.48,akhan,akhan,Credit entry for Salary Expense,
JE00395,2024-11-13,2024-11-13 17:50:00,Rent Expense,Om Enterprises,Credit,68439.45,jverma,nsingh,Credit entry for Rent Expense,
JE00396,2024-06-21,2024-06-21 18:01:00,Purchase Expense,Om Enterprises,Credit,11566.29,akhan,spatel,Credit entry for Purchase Expense,
JE00397,2024-06-28,2024-06-28 12:17:00,Rent Expense,Sharma Traders,Debit,122388.87,spatel,rmehta,Debit entry for Rent Expense,
JE00398,2024-10-06,2024-10-06 16:11:00,Travel Expense,Kumar & Co,Debit,9350.23,nsingh,rmehta,Debit entry for Travel Expense,
JE00399,2024-11-29,2024-11-29 10:18:00,Depreciation,TechNova Pvt Ltd,Credit,2355.15,nsingh,spatel,Credit entry for Depreciation,
JE00400,2024-04-15,2024-04-15 13:41:00,Bank Charges,Global Supplies Ltd,Debit,28998.38,rmehta,spatel,Debit entry for Bank Charges,
JE00401,2024-10-27,2024-10-27 18:51:00,Interest Income,Om Enterprises,Debit,24180.74,rmehta,jverma,Debit entry for Interest Income,
JE00402,2024-04-05,2024-04-05 14:29:00,Rent Expense,Bharat Logistics,Credit,4770.7,akhan,akhan,Credit entry for Rent Expense,
JE00403,2024-08-08,2024-08-08 14:35:00,Rent Expense,TechNova Pvt Ltd,Credit,10714.19,jverma,nsingh,Credit entry for Rent Expense,
JE00404,2025-02-26,2025-02-26 13:40:00,Depreciation,TechNova Pvt Ltd,Credit,3749.73,nsingh,rmehta,Credit entry for Depreciation,
JE00405,2024-09-14,2024-09-14 09:51:00,Office Supplies,Om Enterprises,Credit,49065.96,akhan,spatel,Credit entry for Office Supplies,
JE00406,2025-02-02,2025-02-02 13:58:00,Bank Charges,Om Enterprises,Debit,196990.12,akhan,rmehta,Debit entry for Bank Charges,
JE00407,2024-11-01,2024-11-01 12:21:00,Bank Charges,Om Enterprises,Debit,15397.8,jverma,nsingh,Debit entry for Bank Charges,
JE00408,2024-07-23,2024-07-23 17:11:00,Professional Fees,Om Enterprises,Credit,79213.94,nsingh,akhan,Credit entry for Professional Fees,
JE00409,2024-08-29,2024-08-29 14:41:00,Purchase Expense,Global Supplies Ltd,Credit,1497.36,jverma,nsingh,Credit entry for Purchase Expense,
JE00410,2024-05-16,2024-05-16 13:37:00,Rent Expense,Global Supplies Ltd,Credit,3639.8,akhan,jverma,Credit entry for Rent Expense,
JE00411,2024-08-29,2024-08-29 16:56:00,Travel Expense,Kumar & Co,Debit,20603.96,rmehta,nsingh,Debit entry for Travel Expense,
JE00412,2024-07-09,2024-07-09 11:08:00,Interest Income,Om Enterprises,Credit,691.26,rmehta,nsingh,Credit entry for Interest Income,
JE00413,2024-07-12,2024-07-12 10:31:00,Consulting Income,Bharat Logistics,Credit,36406.78,jverma,spatel,Credit entry for Consulting Income,
JE00414,2024-09-18,2024-09-18 11:36:00,Professional Fees,TechNova Pvt Ltd,Debit,1753.05,spatel,rmehta,Debit entry for Professional Fees,
JE00415,2024-06-21,2024-06-21 15:00:00,Travel Expense,Global Supplies Ltd,Credit,162484.13,rmehta,jverma,Credit entry for Travel Expense,
JE00416,2024-04-20,2024-04-20 17:12:00,Interest Income,Om Enterprises,Credit,46594.35,spatel,rmehta,Credit entry for Interest Income,
JE00417,2024-04-10,2024-04-10 11:06:00,Professional Fees,Om Enterprises,Debit,3935.4,rmehta,spatel,Debit entry for Professional Fees,
JE00418,2024-10-14,2024-10-14 13:29:00,Interest Income,TechNova Pvt Ltd,Debit,2984.77,nsingh,rmehta,Debit entry for Interest Income,
JE00419,2024-12-23,2024-12-23 14:48:00,Depreciation,TechNova Pvt Ltd,Credit,110770.64,nsingh,spatel,Credit entry for Depreciation,
JE00420,2024-07-06,2024-07-06 09:37:00,Salary Expense,Sharma Traders,Debit,1097.43,jverma,spatel,Debit entry for Salary Expense,
JE00421,2024-12-15,2024-12-15 17:39:00,Salary Expense,TechNova Pvt Ltd,Debit,2314.99,rmehta,jverma,Debit entry for Salary Expense,
JE00422,2024-04-25,2024-04-25 16:24:00,Depreciation,Om Enterprises,Debit,100000,rmehta,rmehta,Debit entry for Depreciation,round_number
JE00423,2024-06-03,2024-06-03 13:26:00,Interest Income,Kumar & Co,Debit,21831.22,akhan,spatel,Debit entry for Interest Income,
JE00424,2025-03-05,2025-03-05 18:07:00,Purchase Expense,TechNova Pvt Ltd,Debit,937.48,nsingh,jverma,Debit entry for Purchase Expense,
JE00425,2024-08-23,2024-08-23 17:12:00,Purchase Expense,Kumar & Co,Debit,2417.11,rmehta,nsingh,Debit entry for Purchase Expense,
JE00426,2024-10-01,2024-10-01 16:21:00,Utilities Expense,TechNova Pvt Ltd,Debit,116888.71,jverma,rmehta,Debit entry for Utilities Expense,
JE00427,2024-07-30,2024-07-30 11:05:00,Sales Revenue,Om Enterprises,Debit,27529.94,rmehta,rmehta,Debit entry for Sales Revenue,
JE00428,2024-12-18,2024-12-18 16:03:00,Purchase Expense,TechNova Pvt Ltd,Debit,2946.03,rmehta,jverma,Debit entry for Purchase Expense,
JE00429,2024-05-22,2024-05-22 09:00:00,Salary Expense,TechNova Pvt Ltd,Credit,1001.27,rmehta,akhan,Credit entry for Salary Expense,
JE00430,2024-06-10,2024-06-10 10:23:00,Professional Fees,TechNova Pvt Ltd,Credit,2495.33,spatel,jverma,Credit entry for Professional Fees,
JE00431,2024-09-23,2024-09-23 16:51:00,Salary Expense,Kumar & Co,Credit,5042.26,rmehta,jverma,Credit entry for Salary Expense,
JE00432,2024-11-02,2024-11-02 10:26:00,Professional Fees,Sharma Traders,Debit,78708.02,spatel,rmehta,Debit entry for Professional Fees,
JE00433,2025-01-28,2025-01-28 18:01:00,Travel Expense,Om Enterprises,Credit,53260.13,nsingh,spatel,Credit entry for Travel Expense,
JE00434,2025-03-17,2025-03-17 10:16:00,Utilities Expense,Kumar & Co,Credit,7009.17,spatel,rmehta,Credit entry for Utilities Expense,
JE00435,2025-03-02,2025-03-02 18:06:00,Consulting Income,Om Enterprises,Debit,30889.87,rmehta,akhan,Debit entry for Consulting Income,
JE00436,2024-11-08,2024-11-08 18:03:00,Professional Fees,Kumar & Co,Credit,70698.6,spatel,jverma,Credit entry for Professional Fees,
JE00437,2024-04-06,2024-04-06 16:20:00,Professional Fees,Bharat Logistics,Credit,783.02,spatel,jverma,Credit entry for Professional Fees,
JE00438,2024-08-02,2024-08-02 12:05:00,Consulting Income,Sharma Traders,Debit,5601.71,akhan,nsingh,Debit entry for Consulting Income,
JE00439,2024-11-22,2024-11-22 16:47:00,Travel Expense,Kumar & Co,Debit,1018.25,nsingh,jverma,Debit entry for Travel Expense,
JE00440,2025-03-01,2025-03-01 10:50:00,Sales Revenue,Kumar & Co,Credit,500.51,rmehta,rmehta,Credit entry for Sales Revenue,
JE00441,2025-02-04,2025-02-04 09:52:00,Depreciation,Bharat Logistics,Debit,4409.7,akhan,jverma,Debit entry for Depreciation,
JE00442,2024-07-24,2024-07-24 12:00:00,Travel Expense,Bharat Logistics,Credit,990.07,akhan,akhan,Credit entry for Travel Expense,
JE00443,2024-09-22,2024-09-22 15:06:00,Consulting Income,Bharat Logistics,Credit,9556.13,akhan,akhan,Credit entry for Consulting Income,same_approver
JE00444,2024-08-09,2024-08-09 12:45:00,Depreciation,Global Supplies Ltd,Debit,69905.18,spatel,jverma,Debit entry for Depreciation,
JE00445,2024-09-21,2024-09-21 17:08:00,Purchase Expense,Sharma Traders,Debit,17076.78,jverma,jverma,Debit entry for Purchase Expense,
JE00446,2024-12-12,2024-12-12 16:59:00,Sales Revenue,Om Enterprises,Debit,76141.22,nsingh,nsingh,Debit entry for Sales Revenue,
JE00447,2024-12-17,2024-12-17 14:32:00,Salary Expense,Global Supplies Ltd,Debit,18265.3,nsingh,rmehta,Debit entry for Salary Expense,
JE00448,2024-10-14,2024-10-14 13:28:00,Bank Charges,Om Enterprises,Debit,3900.4,nsingh,akhan,Debit entry for Bank Charges,
JE00449,2024-06-08,2024-06-08 17:40:00,Salary Expense,Bharat Logistics,Credit,35588.51,jverma,nsingh,Credit entry for Salary Expense,
JE00450,2024-07-21,2024-07-21 11:32:00,Rent Expense,Bharat Logistics,Credit,1107.11,spatel,akhan,Credit entry for Rent Expense,
JE00451,2025-01-03,2025-01-03 15:43:00,Utilities Expense,Om Enterprises,Debit,16423.54,akhan,akhan,Debit entry for Utilities Expense,
JE00452,2024-12-30,2024-12-30 09:12:00,Office Supplies,Sharma Traders,Debit,687.14,jverma,rmehta,Debit entry for Office Supplies,
JE00453,2024-08-15,2024-08-15 13:13:00,Salary Expense,Om Enterprises,Credit,31328.47,akhan,spatel,Credit entry for Salary Expense,
JE00454,2025-01-03,2025-01-03 12:47:00,Sales Revenue,Kumar & Co,Debit,41992.7,akhan,nsingh,Debit entry for Sales Revenue,
JE00455,2025-02-26,2025-02-26 14:35:00,Interest Income,Global Supplies Ltd,Credit,5098.12,jverma,rmehta,Credit entry for Interest Income,
JE00456,2024-04-28,2024-04-28 14:48:00,Sales Revenue,Global Supplies Ltd,Credit,34076.67,akhan,spatel,Credit entry for Sales Revenue,
JE00457,2025-01-27,2025-01-27 10:11:00,Interest Income,Global Supplies Ltd,Debit,181123.4,nsingh,akhan,Debit entry for Interest Income,
JE00458,2024-06-28,2024-06-28 11:10:00,Utilities Expense,Sharma Traders,Credit,14036.96,nsingh,rmehta,Credit entry for Utilities Expense,
JE00459,2025-01-25,2025-01-25 03:31:00,Office Supplies,TechNova Pvt Ltd,Credit,17868.51,rmehta,spatel,Credit entry for Office Supplies,off_hours
JE00460,2025-01-19,2025-01-19 10:50:00,Interest Income,Sharma Traders,Credit,1504.56,akhan,nsingh,Credit entry for Interest Income,
JE00461,2024-12-15,2024-12-15 14:21:00,Salary Expense,Bharat Logistics,Credit,99453.78,jverma,rmehta,Credit entry for Salary Expense,
JE00462,2024-10-02,2024-10-02 09:07:00,Office Supplies,Bharat Logistics,Credit,178623.03,spatel,nsingh,Credit entry for Office Supplies,
JE00463,2025-03-09,2025-03-09 10:24:00,Consulting Income,Global Supplies Ltd,Debit,3420.32,jverma,rmehta,Debit entry for Consulting Income,
JE00464,2024-08-10,2024-08-10 09:18:00,Interest Income,Sharma Traders,Credit,7216.65,akhan,nsingh,Credit entry for Interest Income,
JE00465,2025-02-28,2025-02-28 17:34:00,Rent Expense,Bharat Logistics,Debit,153906.89,akhan,rmehta,Debit entry for Rent Expense,
JE00466,2024-04-04,2024-04-04 15:41:00,Professional Fees,Global Supplies Ltd,Debit,1713.56,rmehta,jverma,Debit entry for Professional Fees,
JE00467,2024-05-07,2024-05-07 11:50:00,Utilities Expense,Sharma Traders,Credit,10000,spatel,akhan,Credit entry for Utilities Expense,round_number
JE00468,2024-08-07,2024-08-07 15:27:00,Interest Income,Bharat Logistics,Debit,7461.5,rmehta,akhan,Debit entry for Interest Income,
JE00469,2024-09-09,2024-09-09 09:44:00,Sales Revenue,Om Enterprises,Debit,150000,jverma,nsingh,Debit entry for Sales Revenue,round_number
JE00470,2024-05-08,2024-05-08 16:24:00,Consulting Income,Sharma Traders,Credit,2700.82,nsingh,akhan,Credit entry for Consulting Income,
JE00471,2024-10-20,2024-10-20 17:18:00,Professional Fees,Kumar & Co,Debit,43859.99,rmehta,nsingh,Debit entry for Professional Fees,
JE00472,2025-02-19,2025-02-19 10:02:00,Salary Expense,Om Enterprises,Credit,13908.96,akhan,rmehta,Credit entry for Salary Expense,
JE00473,2024-04-03,2024-04-03 14:13:00,Depreciation,Kumar & Co,Debit,42483.14,nsingh,akhan,Debit entry for Depreciation,
JE00474,2024-10-29,2024-10-29 12:07:00,Professional Fees,Global Supplies Ltd,Debit,74307.96,nsingh,spatel,Debit entry for Professional Fees,
JE00475,2024-07-02,2024-07-02 13:06:00,Professional Fees,Sharma Traders,Credit,27972.76,nsingh,nsingh,Credit entry for Professional Fees,
JE00476,2024-07-11,2024-07-11 10:18:00,Utilities Expense,Kumar & Co,Credit,25383.41,nsingh,akhan,Credit entry for Utilities Expense,
JE00477,2025-02-12,2025-02-12 18:09:00,Purchase Expense,TechNova Pvt Ltd,Credit,25991.2,spatel,jverma,Credit entry for Purchase Expense,
JE00478,2025-01-15,2025-01-15 15:17:00,Depreciation,TechNova Pvt Ltd,Credit,55373.85,akhan,akhan,Credit entry for Depreciation,same_approver
JE00479,2024-10-02,2024-10-02 17:06:00,Salary Expense,Kumar & Co,Credit,3117.64,akhan,jverma,Credit entry for Salary Expense,
JE00480,2024-06-29,2024-06-29 10:46:00,Professional Fees,Sharma Traders,Credit,1622.17,nsingh,spatel,Credit entry for Professional Fees,
JE00481,2024-05-09,2024-05-09 12:58:00,Sales Revenue,Om Enterprises,Debit,50173.59,nsingh,nsingh,Debit entry for Sales Revenue,
JE00482,2024-04-19,2024-04-19 18:46:00,Interest Income,Bharat Logistics,Credit,1905.58,akhan,spatel,Credit entry for Interest Income,
JE00483,2024-08-27,2024-08-27 12:54:00,Salary Expense,Bharat Logistics,Debit,532.76,jverma,jverma,Debit entry for Salary Expense,
JE00484,2025-02-09,2025-02-09 18:42:00,Professional Fees,Bharat Logistics,Debit,14882.15,spatel,jverma,Debit entry for Professional Fees,
JE00485,2024-06-14,2024-06-14 13:23:00,Utilities Expense,TechNova Pvt Ltd,Debit,2004.46,jverma,spatel,Debit entry for Utilities Expense,
JE00486,2024-07-29,2024-07-29 09:02:00,Sales Revenue,Bharat Logistics,Credit,7620.43,spatel,jverma,Credit entry for Sales Revenue,
JE00487,2025-02-27,2025-02-27 15:41:00,Consulting Income,Om Enterprises,Credit,15225.13,rmehta,akhan,Credit entry for Consulting Income,
JE00488,2024-10-11,2024-10-11 12:33:00,Consulting Income,Om Enterprises,Debit,169795.58,nsingh,nsingh,Debit entry for Consulting Income,
JE00489,2024-10-25,2024-10-25 12:04:00,Consulting Income,Kumar & Co,Credit,6976.1,akhan,akhan,Credit entry for Consulting Income,same_approver
JE00490,2024-12-20,2024-12-20 10:42:00,Professional Fees,Global Supplies Ltd,Debit,18427.35,akhan,spatel,Debit entry for Professional Fees,
JE00491,2024-07-27,2024-07-27 18:10:00,Bank Charges,Om Enterprises,Debit,8818.85,akhan,jverma,Debit entry for Bank Charges,
JE00492,2025-02-26,2025-02-26 17:02:00,Bank Charges,Global Supplies Ltd,Debit,1312.92,rmehta,spatel,Debit entry for Bank Charges,
JE00493,2025-01-19,2025-01-19 18:40:00,Salary Expense,Global Supplies Ltd,Credit,5675.34,rmehta,spatel,Credit entry for Salary Expense,
JE00494,2024-04-10,2024-04-10 16:10:00,Utilities Expense,Sharma Traders,Debit,8425.9,akhan,jverma,Debit entry for Utilities Expense,
JE00495,2024-07-22,2024-07-22 14:59:00,Bank Charges,Global Supplies Ltd,Debit,2439.32,nsingh,nsingh,Debit entry for Bank Charges,
JE00496,2024-11-19,2024-11-19 12:33:00,Depreciation,Sharma Traders,Debit,958.24,nsingh,jverma,Debit entry for Depreciation,
JE00497,2024-12-15,2024-12-15 09:56:00,Professional Fees,Global Supplies Ltd,Debit,19887.57,jverma,spatel,Debit entry for Professional Fees,
JE00498,2024-12-29,2024-12-29 09:57:00,Interest Income,Sharma Traders,Credit,12653.9,rmehta,spatel,Credit entry for Interest Income,
JE00499,2025-03-14,2025-03-14 15:14:00,Professional Fees,Bharat Logistics,Credit,32679.73,jverma,akhan,Credit entry for Professional Fees,
JE00500,2024-12-03,2024-12-03 12:58:00,Bank Charges,Bharat Logistics,Debit,8720.07,akhan,jverma,Debit entry for Bank Charges,
JE00501,2024-05-13,2024-05-13 09:36:00,Office Supplies,Bharat Logistics,Credit,35012.07,nsingh,akhan,Credit entry for Office Supplies,
JE00502,2024-12-24,2024-12-24 14:06:00,Purchase Expense,Sharma Traders,Credit,3318.68,nsingh,spatel,Credit entry for Purchase Expense,
JE00503,2024-06-19,2024-06-19 13:43:00,Bank Charges,TechNova Pvt Ltd,Credit,4470.93,nsingh,nsingh,Credit entry for Bank Charges,
JE00504,2024-10-21,2024-10-21 13:19:00,Rent Expense,Bharat Logistics,Credit,13895.77,jverma,spatel,Credit entry for Rent Expense,
JE00505,2025-01-21,2025-01-21 11:06:00,Consulting Income,Om Enterprises,Debit,7261.67,jverma,rmehta,Debit entry for Consulting Income,
JE00506,2024-07-19,2024-07-19 10:52:00,Interest Income,TechNova Pvt Ltd,Debit,22571.43,jverma,spatel,Debit entry for Interest Income,
JE00507,2024-06-14,2024-06-14 18:02:00,Travel Expense,Kumar & Co,Debit,4612.17,nsingh,rmehta,Debit entry for Travel Expense,
JE00508,2024-10-14,2024-10-14 16:00:00,Bank Charges,Om Enterprises,Credit,23176.42,nsingh,nsingh,Credit entry for Bank Charges,same_approver
JE00509,2024-07-13,2024-07-13 12:39:00,Professional Fees,TechNova Pvt Ltd,Debit,10652.37,nsingh,rmehta,Debit entry for Professional Fees,
JE00510,2024-06-26,2024-06-26 13:49:00,Professional Fees,TechNova Pvt Ltd,Debit,841.28,rmehta,rmehta,Debit entry for Professional Fees,
JE00511,2024-10-22,2024-10-22 17:18:00,Consulting Income,Kumar & Co,Debit,10000,jverma,nsingh,Debit entry for Consulting Income,round_number
JE00512,2025-01-12,2025-01-12 15:36:00,Depreciation,TechNova Pvt Ltd,Credit,1603.75,akhan,spatel,Credit entry for Depreciation,
JE00513,2024-04-03,2024-04-03 10:51:00,Office Supplies,Kumar & Co,Debit,2914.95,spatel,nsingh,Debit entry for Office Supplies,
JE00514,2024-12-19,2024-12-19 12:48:00,Office Supplies,Bharat Logistics,Credit,14600.53,nsingh,jverma,Credit entry for Office Supplies,
JE00515,2024-09-21,2024-09-21 12:43:00,Travel Expense,Bharat Logistics,Debit,749.46,jverma,jverma,Debit entry for Travel Expense,
JE00516,2025-03-26,2025-03-26 13:15:00,Rent Expense,Kumar & Co,Credit,33307.49,akhan,nsingh,Credit entry for Rent Expense,
JE00517,2024-08-26,2024-08-26 14:22:00,Purchase Expense,Om Enterprises,Credit,1456.8,jverma,rmehta,Credit entry for Purchase Expense,
JE00518,2024-07-21,2024-07-21 12:55:00,Depreciation,Global Supplies Ltd,Debit,2042.18,akhan,jverma,Debit entry for Depreciation,
JE00519,2024-08-14,2024-08-14 10:58:00,Rent Expense,Global Supplies Ltd,Debit,53188.12,spatel,nsingh,Debit entry for Rent Expense,
JE00520,2024-05-11,2024-05-11 14:39:00,Professional Fees,Bharat Logistics,Debit,80453.41,jverma,nsingh,Debit entry for Professional Fees,
JE00521,2024-09-09,2024-09-09 13:25:00,Travel Expense,TechNova Pvt Ltd,Credit,120913.48,nsingh,spatel,Credit entry for Travel Expense,
JE00522,2024-07-23,2024-07-23 14:25:00,Depreciation,Sharma Traders,Credit,607.72,spatel,jverma,Credit entry for Depreciation,
JE00523,2025-03-18,2025-03-18 12:24:00,Salary Expense,Sharma Traders,Credit,536.69,jverma,akhan,Credit entry for Salary Expense,
JE00524,2025-01-23,2025-01-23 16:39:00,Purchase Expense,TechNova Pvt Ltd,Credit,2070.24,akhan,spatel,Credit entry for Purchase Expense,
JE00525,2024-09-23,2024-09-23 14:54:00,Consulting Income,Kumar & Co,Credit,45313.59,spatel,spatel,Credit entry for Consulting Income,
JE00526,2024-10-23,2024-10-23 13:51:00,Office Supplies,Global Supplies Ltd,Debit,65696.61,jverma,nsingh,Debit entry for Office Supplies,
JE00527,2024-07-30,2024-07-30 16:51:00,Interest Income,Kumar & Co,Debit,41754.24,jverma,spatel,Debit entry for Interest Income,
JE00528,2024-04-05,2024-04-05 16:19:00,Salary Expense,Kumar & Co,Debit,3315.21,jverma,nsingh,Debit entry for Salary Expense,
JE00529,2024-08-07,2024-08-07 13:30:00,Interest Income,Sharma Traders,Credit,716.45,nsingh,rmehta,Credit entry for Interest Income,
JE00530,2025-02-17,2025-02-17 13:22:00,Purchase Expense,Om Enterprises,Credit,14356.03,jverma,akhan,Credit entry for Purchase Expense,
JE00531,2024-04-11,2024-04-11 11:49:00,Bank Charges,TechNova Pvt Ltd,Debit,24436.99,rmehta,nsingh,Debit entry for Bank Charges,
JE00532,2024-08-24,2024-08-24 13:29:00,Consulting Income,Om Enterprises,Credit,4903.88,akhan,jverma,Credit entry for Consulting Income,
JE00533,2025-02-18,2025-02-18 10:05:00,Salary Expense,Om Enterprises,Credit,15360.5,spatel,jverma,Credit entry for Salary Expense,
JE00534,2024-06-22,2024-06-22 15:17:00,Consulting Income,TechNova Pvt Ltd,Credit,18802.6,spatel,akhan,Credit entry for Consulting Income,
JE00535,2024-11-14,2024-11-14 11:46:00,Consulting Income,Bharat Logistics,Credit,83498.85,nsingh,jverma,Credit entry for Consulting Income,
JE00536,2024-07-30,2024-07-30 10:59:00,Professional Fees,Om Enterprises,Debit,926.84,akhan,spatel,Debit entry for Professional Fees,
JE00537,2024-11-29,2024-11-29 13:39:00,Interest Income,Sharma Traders,Credit,823.37,rmehta,nsingh,Credit entry for Interest Income,
JE00538,2024-06-19,2024-06-19 11:08:00,Purchase Expense,TechNova Pvt Ltd,Debit,7113.77,jverma,spatel,Debit entry for Purchase Expense,
JE00539,2024-12-26,2024-12-26 17:59:00,Salary Expense,Sharma Traders,Credit,8215.53,rmehta,akhan,Credit entry for Salary Expense,
JE00540,2024-08-18,2024-08-18 18:27:00,Interest Income,Global Supplies Ltd,Debit,21927.72,jverma,nsingh,Debit entry for Interest Income,
JE00541,2024-12-25,2024-12-25 16:19:00,Professional Fees,TechNova Pvt Ltd,Credit,62068.02,nsingh,jverma,Credit entry for Professional Fees,
JE00542,2024-10-05,2024-10-05 16:34:00,Bank Charges,Global Supplies Ltd,Credit,3924.45,akhan,akhan,Credit entry for Bank Charges,same_approver
JE00543,2024-04-05,2024-04-05 18:14:00,Utilities Expense,Kumar & Co,Credit,59610.43,jverma,rmehta,Credit entry for Utilities Expense,
JE00544,2024-04-04,2024-04-04 15:53:00,Interest Income,Global Supplies Ltd,Credit,2234.68,akhan,nsingh,Credit entry for Interest Income,
JE00545,2024-10-11,2024-10-11 18:51:00,Rent Expense,Sharma Traders,Credit,60326.97,akhan,spatel,Credit entry for Rent Expense,
JE00546,2025-03-22,2025-03-22 11:18:00,Professional Fees,TechNova Pvt Ltd,Credit,753.56,akhan,jverma,Credit entry for Professional Fees,
JE00547,2024-05-27,2024-05-27 14:01:00,Professional Fees,Bharat Logistics,Credit,9531.76,jverma,akhan,Credit entry for Professional Fees,
JE00548,2024-06-17,2024-06-17 16:46:00,Sales Revenue,Sharma Traders,Debit,1057.62,nsingh,rmehta,Debit entry for Sales Revenue,
JE00549,2024-04-05,2024-04-05 16:23:00,Rent Expense,Global Supplies Ltd,Debit,6201.08,rmehta,jverma,Debit entry for Rent Expense,
JE00550,2024-11-24,2024-11-24 16:11:00,Utilities Expense,TechNova Pvt Ltd,Debit,766.86,rmehta,spatel,Debit entry for Utilities Expense,duplicate_source
JE00550D,2024-11-24,2024-11-24 16:11:00,Utilities Expense,TechNova Pvt Ltd,Debit,766.86,rmehta,spatel,Debit entry for Utilities Expense,duplicate_copy
JE00551,2024-07-08,2024-07-08 12:47:00,Office Supplies,Sharma Traders,Debit,172149.67,jverma,spatel,Debit entry for Office Supplies,
JE00552,2024-04-18,2024-04-18 15:43:00,Rent Expense,Om Enterprises,Debit,1743.26,jverma,nsingh,Debit entry for Rent Expense,
JE00553,2024-09-07,2024-09-07 13:12:00,Consulting Income,Om Enterprises,Debit,2280.89,spatel,nsingh,Debit entry for Consulting Income,
JE00554,2024-10-02,2024-10-02 13:37:00,Sales Revenue,Sharma Traders,Debit,1362.86,spatel,jverma,Debit entry for Sales Revenue,
JE00555,2024-06-01,2024-06-01 18:09:00,Bank Charges,Sharma Traders,Debit,8622.89,spatel,nsingh,Debit entry for Bank Charges,
JE00556,2024-10-08,2024-10-08 09:03:00,Purchase Expense,Global Supplies Ltd,Credit,3798.08,spatel,rmehta,Credit entry for Purchase Expense,
JE00557,2024-09-30,2024-09-30 17:50:00,Professional Fees,Om Enterprises,Debit,3335.38,spatel,spatel,Debit entry for Professional Fees,
JE00558,2025-02-25,2025-02-25 11:16:00,Consulting Income,Om Enterprises,Debit,4275.07,jverma,rmehta,Debit entry for Consulting Income,
JE00559,2024-04-21,2024-04-21 11:34:00,Travel Expense,Bharat Logistics,Credit,1558.76,jverma,nsingh,Credit entry for Travel Expense,
JE00560,2024-09-26,2024-09-26 13:34:00,Consulting Income,TechNova Pvt Ltd,Debit,7384.05,jverma,rmehta,Debit entry for Consulting Income,
JE00561,2024-10-05,2024-10-05 14:49:00,Travel Expense,Om Enterprises,Credit,20490.69,rmehta,spatel,Credit entry for Travel Expense,
JE00562,2025-02-12,2025-02-12 16:49:00,Rent Expense,Om Enterprises,Debit,1559.63,akhan,nsingh,Debit entry for Rent Expense,
JE00563,2025-01-08,2025-01-08 17:42:00,Salary Expense,TechNova Pvt Ltd,Credit,969.18,nsingh,jverma,Credit entry for Salary Expense,
JE00564,2024-05-05,2024-05-05 09:36:00,Sales Revenue,Global Supplies Ltd,Debit,1576.04,spatel,spatel,Debit entry for Sales Revenue,
JE00565,2025-02-23,2025-02-23 10:00:00,Bank Charges,Bharat Logistics,Credit,18866.78,jverma,rmehta,Credit entry for Bank Charges,
JE00566,2024-07-16,2024-07-16 15:52:00,Professional Fees,Sharma Traders,Credit,43007.37,jverma,rmehta,Credit entry for Professional Fees,
JE00567,2024-10-06,2024-10-06 10:13:00,Utilities Expense,Bharat Logistics,Credit,50000,rmehta,nsingh,Credit entry for Utilities Expense,round_number
JE00568,2024-12-22,2024-12-22 12:36:00,Purchase Expense,Om Enterprises,Debit,1590.3,rmehta,nsingh,Debit entry for Purchase Expense,
JE00569,2025-02-15,2025-02-15 16:44:00,Salary Expense,Om Enterprises,Credit,15820.61,nsingh,rmehta,Credit entry for Salary Expense,
JE00570,2025-03-07,2025-03-07 11:34:00,Bank Charges,Global Supplies Ltd,Debit,3777.45,rmehta,nsingh,Debit entry for Bank Charges,
JE00571,2025-02-02,2025-02-02 14:38:00,Travel Expense,TechNova Pvt Ltd,Credit,22217.78,akhan,akhan,Credit entry for Travel Expense,
JE00572,2024-08-02,2024-08-02 16:28:00,Depreciation,Global Supplies Ltd,Credit,2291.53,nsingh,nsingh,Credit entry for Depreciation,
JE00573,2024-10-21,2024-10-21 09:19:00,Sales Revenue,TechNova Pvt Ltd,Debit,103668.76,rmehta,nsingh,Debit entry for Sales Revenue,
JE00574,2024-07-23,2024-07-23 18:09:00,Rent Expense,Sharma Traders,Credit,15271.54,akhan,nsingh,Credit entry for Rent Expense,
JE00575,2024-05-19,2024-05-19 12:14:00,Sales Revenue,TechNova Pvt Ltd,Debit,103235.38,jverma,spatel,Debit entry for Sales Revenue,
JE00576,2024-08-10,2024-08-10 14:50:00,Office Supplies,Bharat Logistics,Credit,40698.09,rmehta,nsingh,Credit entry for Office Supplies,
JE00577,2024-12-04,2024-12-04 18:24:00,Salary Expense,Om Enterprises,Debit,625.48,jverma,nsingh,Debit entry for Salary Expense,
JE00578,2024-05-11,2024-05-11 12:47:00,Sales Revenue,TechNova Pvt Ltd,Credit,1029.49,akhan,jverma,Credit entry for Sales Revenue,
JE00579,2025-03-01,2025-03-01 17:36:00,Depreciation,Om Enterprises,Credit,639.92,rmehta,rmehta,Credit entry for Depreciation,
JE00580,2024-06-16,2024-06-16 18:36:00,Consulting Income,Om Enterprises,Debit,168141.52,nsingh,spatel,Debit entry for Consulting Income,duplicate_source
JE00580D,2024-06-16,2024-06-16 18:36:00,Consulting Income,Om Enterprises,Debit,168141.52,nsingh,spatel,Debit entry for Consulting Income,duplicate_copy
JE00581,2024-12-15,2024-12-15 16:36:00,Purchase Expense,Kumar & Co,Credit,3747.14,spatel,jverma,Credit entry for Purchase Expense,
JE00582,2024-04-26,2024-04-26 11:48:00,Interest Income,TechNova Pvt Ltd,Debit,51583.34,jverma,jverma,Debit entry for Interest Income,
JE00583,2024-06-09,2024-06-09 18:47:00,Travel Expense,Global Supplies Ltd,Credit,1618.95,nsingh,jverma,Credit entry for Travel Expense,
JE00584,2024-12-25,2024-12-25 10:07:00,Rent Expense,Sharma Traders,Credit,126950.01,spatel,jverma,Credit entry for Rent Expense,
JE00585,2025-03-10,2025-03-10 09:49:00,Bank Charges,TechNova Pvt Ltd,Credit,17549.87,jverma,spatel,Credit entry for Bank Charges,
JE00586,2024-09-04,2024-09-04 12:12:00,Salary Expense,Bharat Logistics,Credit,654.25,akhan,nsingh,Credit entry for Salary Expense,
JE00587,2025-03-17,2025-03-17 18:59:00,Consulting Income,Om Enterprises,Debit,2144.85,spatel,rmehta,Debit entry for Consulting Income,
JE00588,2024-06-15,2024-06-15 12:47:00,Office Supplies,TechNova Pvt Ltd,Debit,573.01,rmehta,akhan,Debit entry for Office Supplies,
JE00589,2025-01-01,2025-01-01 11:44:00,Rent Expense,Bharat Logistics,Credit,39652.9,spatel,nsingh,Credit entry for Rent Expense,
JE00590,2025-03-24,2025-03-24 18:17:00,Professional Fees,Kumar & Co,Debit,2741.51,rmehta,akhan,Debit entry for Professional Fees,
JE00591,2024-04-28,2024-04-28 14:55:00,Travel Expense,Sharma Traders,Credit,118661.36,rmehta,akhan,Credit entry for Travel Expense,
JE00592,2024-05-26,2024-05-26 10:57:00,Sales Revenue,Om Enterprises,Credit,10525.01,akhan,spatel,Credit entry for Sales Revenue,
JE00593,2024-09-09,2024-09-09 17:59:00,Travel Expense,Bharat Logistics,Debit,163915.17,nsingh,spatel,Debit entry for Travel Expense,
JE00594,2025-03-31,2025-03-31 09:22:00,Sales Revenue,Global Supplies Ltd,Credit,43243.35,rmehta,akhan,Credit entry for Sales Revenue,
JE00595,2025-03-17,2025-03-17 13:51:00,Consulting Income,Om Enterprises,Credit,175919.6,akhan,spatel,Credit entry for Consulting Income,
JE00596,2024-05-02,2024-05-02 14:57:00,Professional Fees,Kumar & Co,Debit,1931.74,akhan,nsingh,Debit entry for Professional Fees,
JE00597,2024-10-19,2024-10-19 12:26:00,Professional Fees,Sharma Traders,Credit,19615.41,spatel,nsingh,Credit entry for Professional Fees,
JE00598,2024-08-02,2024-08-02 12:41:00,Depreciation,Kumar & Co,Credit,12879.37,spatel,nsingh,Credit entry for Depreciation,
JE00599,2024-06-10,2024-06-10 17:58:00,Depreciation,Om Enterprises,Debit,34180.4,nsingh,spatel,Debit entry for Depreciation,
JE00600,2024-06-09,2024-06-09 10:11:00,Bank Charges,Om Enterprises,Debit,12183.38,spatel,akhan,Debit entry for Bank Charges,
JE00601,2024-09-10,2024-09-10 13:09:00,Salary Expense,TechNova Pvt Ltd,Credit,43560.34,rmehta,jverma,Credit entry for Salary Expense,
JE00602,2024-07-06,2024-07-06 18:14:00,Purchase Expense,Global Supplies Ltd,Debit,18827.35,spatel,nsingh,Debit entry for Purchase Expense,
JE00603,2025-01-31,2025-01-31 11:32:00,Rent Expense,Om Enterprises,Debit,53471.79,spatel,akhan,Debit entry for Rent Expense,
JE00604,2025-02-04,2025-02-04 12:02:00,Travel Expense,Global Supplies Ltd,Credit,1333.99,akhan,jverma,Credit entry for Travel Expense,
JE00605,2024-10-27,2024-10-27 16:55:00,Sales Revenue,Kumar & Co,Debit,743.12,akhan,spatel,Debit entry for Sales Revenue,
JE00606,2025-02-10,2025-02-10 15:46:00,Travel Expense,Kumar & Co,Debit,642.4,akhan,jverma,Debit entry for Travel Expense,
JE00607,2024-09-08,2024-09-08 09:56:00,Bank Charges,Om Enterprises,Debit,7724.18,nsingh,nsingh,Debit entry for Bank Charges,
JE00608,2024-08-04,2024-08-04 09:12:00,Interest Income,Kumar & Co,Debit,48973.58,nsingh,nsingh,Debit entry for Interest Income,
JE00609,2024-08-28,2024-08-28 09:44:00,Travel Expense,TechNova Pvt Ltd,Credit,2917.88,jverma,jverma,Credit entry for Travel Expense,
JE00610,2024-12-21,2024-12-21 18:57:00,Salary Expense,Om Enterprises,Credit,985.03,jverma,rmehta,Credit entry for Salary Expense,
JE00611,2025-03-23,2025-03-23 18:57:00,Interest Income,Kumar & Co,Credit,1460.24,spatel,akhan,Credit entry for Interest Income,
JE00612,2025-03-31,2025-03-31 11:45:00,Rent Expense,Sharma Traders,Credit,114672.99,jverma,akhan,Credit entry for Rent Expense,
JE00613,2024-06-03,2024-06-03 17:39:00,Purchase Expense,Om Enterprises,Credit,34622.04,rmehta,akhan,Credit entry for Purchase Expense,
JE00614,2024-06-21,2024-06-21 11:10:00,Bank Charges,Kumar & Co,Debit,14805.16,nsingh,spatel,Debit entry for Bank Charges,
JE00615,2024-06-14,2024-06-14 13:40:00,Salary Expense,Kumar & Co,Credit,158292.92,rmehta,akhan,Credit entry for Salary Expense,
JE00616,2024-07-02,2024-07-02 16:54:00,Purchase Expense,Global Supplies Ltd,Debit,537.94,spatel,nsingh,Debit entry for Purchase Expense,
JE00617,2024-12-12,2024-12-12 16:26:00,Interest Income,Bharat Logistics,Credit,25998.73,rmehta,spatel,Credit entry for Interest Income,
JE00618,2024-11-13,2024-11-13 17:52:00,Purchase Expense,Bharat Logistics,Debit,2646.28,nsingh,spatel,Debit entry for Purchase Expense,
JE00619,2024-07-16,2024-07-16 18:19:00,Sales Revenue,Global Supplies Ltd,Debit,150000,spatel,akhan,Debit entry for Sales Revenue,round_number
JE00620,2024-09-17,2024-09-17 18:36:00,Purchase Expense,Sharma Traders,Credit,2747.55,rmehta,spatel,Credit entry for Purchase Expense,
JE00621,2025-01-13,2025-01-13 14:57:00,Salary Expense,Om Enterprises,Credit,3004.36,jverma,rmehta,Credit entry for Salary Expense,
JE00622,2024-10-12,2024-10-12 13:21:00,Purchase Expense,Bharat Logistics,Debit,1038.68,jverma,akhan,Debit entry for Purchase Expense,
JE00623,2024-12-26,2024-12-26 18:59:00,Bank Charges,Global Supplies Ltd,Debit,100000,nsingh,nsingh,Debit entry for Bank Charges,round_number
JE00624,2025-03-28,2025-03-28 14:59:00,Office Supplies,Bharat Logistics,Credit,194125.69,jverma,akhan,Credit entry for Office Supplies,
JE00625,2024-06-06,2024-06-06 12:45:00,Depreciation,Kumar & Co,Credit,99612.98,nsingh,jverma,Credit entry for Depreciation,
JE00626,2024-08-27,2024-08-27 12:51:00,Rent Expense,Sharma Traders,Debit,1013.49,rmehta,jverma,Debit entry for Rent Expense,
JE00627,2025-02-10,2025-02-10 09:40:00,Bank Charges,Sharma Traders,Credit,22792.53,jverma,akhan,Credit entry for Bank Charges,
JE00628,2024-07-13,2024-07-13 09:07:00,Utilities Expense,TechNova Pvt Ltd,Debit,13492.31,akhan,akhan,Debit entry for Utilities Expense,
JE00629,2025-03-18,2025-03-18 16:58:00,Consulting Income,Kumar & Co,Debit,73898.13,akhan,spatel,Debit entry for Consulting Income,
JE00630,2024-11-29,2024-11-29 14:29:00,Sales Revenue,Kumar & Co,Debit,12479.34,spatel,jverma,Debit entry for Sales Revenue,
JE00631,2024-10-29,2024-10-29 17:01:00,Utilities Expense,Bharat Logistics,Credit,3310.76,rmehta,nsingh,Credit entry for Utilities Expense,
JE00632,2024-07-16,2024-07-16 15:40:00,Depreciation,TechNova Pvt Ltd,Debit,602.68,akhan,spatel,Debit entry for Depreciation,
JE00633,2024-12-30,2024-12-30 13:45:00,Salary Expense,Bharat Logistics,Credit,88857.62,nsingh,spatel,Credit entry for Salary Expense,
JE00634,2024-09-09,2024-09-09 16:53:00,Utilities Expense,TechNova Pvt Ltd,Credit,2076.49,rmehta,rmehta,Credit entry for Utilities Expense,
JE00635,2024-09-02,2024-09-02 12:58:00,Rent Expense,TechNova Pvt Ltd,Debit,625.57,nsingh,rmehta,Debit entry for Rent Expense,
JE00636,2024-05-18,2024-05-18 16:46:00,Travel Expense,Sharma Traders,Credit,3836.82,nsingh,nsingh,Credit entry for Travel Expense,
JE00637,2024-12-25,2024-12-25 09:29:00,Office Supplies,Global Supplies Ltd,Debit,1107.41,akhan,nsingh,Debit entry for Office Supplies,
JE00638,2024-10-16,2024-10-16 18:55:00,Utilities Expense,Sharma Traders,Debit,30670.54,nsingh,akhan,Debit entry for Utilities Expense,
JE00639,2024-05-15,2024-05-15 09:36:00,Consulting Income,Sharma Traders,Debit,43545.99,jverma,nsingh,Debit entry for Consulting Income,
JE00640,2024-09-07,2024-09-07 16:42:00,Professional Fees,TechNova Pvt Ltd,Debit,12133.43,spatel,spatel,Debit entry for Professional Fees,
JE00641,2024-05-31,2024-05-31 17:22:00,Office Supplies,Global Supplies Ltd,Credit,25000,spatel,rmehta,Credit entry for Office Supplies,round_number
JE00642,2025-01-07,2025-01-07 18:57:00,Consulting Income,Global Supplies Ltd,Credit,766.21,akhan,nsingh,Credit entry for Consulting Income,
JE00643,2024-09-21,2024-09-21 10:24:00,Interest Income,Sharma Traders,Debit,28618.77,jverma,rmehta,Debit entry for Interest Income,
JE00644,2024-04-28,2024-04-28 16:39:00,Purchase Expense,Kumar & Co,Debit,21721.53,jverma,nsingh,Debit entry for Purchase Expense,
JE00645,2024-09-30,2024-09-30 16:06:00,Office Supplies,Global Supplies Ltd,Debit,872.46,akhan,jverma,Debit entry for Office Supplies,
JE00646,2024-11-20,2024-11-20 13:58:00,Office Supplies,Kumar & Co,Debit,107062.5,jverma,spatel,Debit entry for Office Supplies,
JE00647,2024-10-04,2024-10-04 16:07:00,Bank Charges,Om Enterprises,Credit,599.4,spatel,akhan,Credit entry for Bank Charges,
JE00648,2024-09-27,2024-09-27 10:25:00,Travel Expense,Global Supplies Ltd,Credit,1072.65,jverma,akhan,Credit entry for Travel Expense,
JE00649,2024-05-25,2024-05-25 15:15:00,Consulting Income,Om Enterprises,Debit,5519.74,nsingh,akhan,Debit entry for Consulting Income,
JE00650,2025-02-12,2025-02-12 18:27:00,Rent Expense,Global Supplies Ltd,Credit,1741.08,nsingh,jverma,Credit entry for Rent Expense,
JE00651,2024-11-09,2024-11-09 18:53:00,Depreciation,Bharat Logistics,Debit,797.36,akhan,spatel,Debit entry for Depreciation,
JE00652,2024-12-06,2024-12-06 11:19:00,Purchase Expense,Bharat Logistics,Credit,68853.07,nsingh,akhan,Credit entry for Purchase Expense,
JE00653,2024-10-25,2024-10-25 10:13:00,Purchase Expense,Sharma Traders,Credit,26107.08,nsingh,akhan,Credit entry for Purchase Expense,
JE00654,2024-06-11,2024-06-11 18:28:00,Depreciation,Global Supplies Ltd,Debit,5172.83,rmehta,jverma,Debit entry for Depreciation,
JE00655,2024-07-10,2024-07-10 10:37:00,Rent Expense,TechNova Pvt Ltd,Credit,120271.22,akhan,jverma,Credit entry for Rent Expense,
JE00656,2024-04-05,2024-04-05 09:00:00,Depreciation,Kumar & Co,Debit,110566.36,nsingh,akhan,Debit entry for Depreciation,
JE00657,2025-03-27,2025-03-27 15:40:00,Interest Income,Sharma Traders,Credit,33588.72,akhan,rmehta,Credit entry for Interest Income,
JE00658,2024-09-10,2024-09-10 16:08:00,Utilities Expense,Kumar & Co,Credit,26472.95,jverma,jverma,Credit entry for Utilities Expense,
JE00659,2024-07-06,2024-07-06 11:08:00,Interest Income,TechNova Pvt Ltd,Credit,93299.78,jverma,spatel,Credit entry for Interest Income,
JE00660,2024-04-06,2024-04-06 11:41:00,Purchase Expense,Global Supplies Ltd,Credit,1127.89,rmehta,jverma,Credit entry for Purchase Expense,
JE00661,2024-10-30,2024-10-30 16:24:00,Travel Expense,Kumar & Co,Debit,13659.58,nsingh,jverma,Debit entry for Travel Expense,
JE00662,2024-09-29,2024-09-29 17:17:00,Rent Expense,Kumar & Co,Debit,39888.75,spatel,nsingh,Debit entry for Rent Expense,
JE00663,2024-10-28,2024-10-28 10:37:00,Interest Income,TechNova Pvt Ltd,Debit,34128.46,nsingh,rmehta,Debit entry for Interest Income,
JE00664,2024-12-03,2024-12-03 18:05:00,Utilities Expense,Global Supplies Ltd,Credit,11502.06,rmehta,jverma,Credit entry for Utilities Expense,
JE00665,2024-08-04,2024-08-04 01:30:00,Travel Expense,Om Enterprises,Credit,12335.55,rmehta,nsingh,Credit entry for Travel Expense,off_hours
JE00666,2024-11-19,2024-11-19 13:18:00,Interest Income,Bharat Logistics,Credit,175049.76,jverma,jverma,Credit entry for Interest Income,
JE00667,2024-06-25,2024-06-25 18:10:00,Sales Revenue,Om Enterprises,Credit,21699.34,nsingh,nsingh,Credit entry for Sales Revenue,
JE00668,2025-01-19,2025-01-19 10:54:00,Sales Revenue,Om Enterprises,Debit,1068.97,akhan,akhan,Debit entry for Sales Revenue,
JE00669,2024-08-21,2024-08-21 10:38:00,Office Supplies,Bharat Logistics,Credit,544.41,spatel,akhan,Credit entry for Office Supplies,
JE00670,2024-06-29,2024-06-29 12:31:00,Depreciation,Om Enterprises,Credit,2392.02,spatel,akhan,Credit entry for Depreciation,
JE00671,2024-07-02,2024-07-02 16:48:00,Interest Income,TechNova Pvt Ltd,Debit,68729.72,rmehta,spatel,Debit entry for Interest Income,
JE00672,2024-10-29,2024-10-29 14:03:00,Bank Charges,Om Enterprises,Credit,40721.3,spatel,spatel,Credit entry for Bank Charges,
JE00673,2025-02-23,2025-02-23 17:14:00,Office Supplies,Sharma Traders,Debit,3041.9,rmehta,jverma,Debit entry for Office Supplies,
JE00674,2024-10-12,2024-10-12 13:59:00,Professional Fees,Kumar & Co,Credit,6763.55,jverma,spatel,Credit entry for Professional Fees,
JE00675,2024-11-16,2024-11-16 15:39:00,Bank Charges,Bharat Logistics,Debit,22781.69,akhan,rmehta,Debit entry for Bank Charges,
JE00676,2025-02-28,2025-02-28 16:49:00,Office Supplies,TechNova Pvt Ltd,Credit,16558.96,akhan,rmehta,Credit entry for Office Supplies,
JE00677,2025-03-12,2025-03-12 11:20:00,Utilities Expense,Om Enterprises,Debit,31269.12,spatel,nsingh,Debit entry for Utilities Expense,
JE00678,2025-01-06,2025-01-06 16:22:00,Sales Revenue,Sharma Traders,Debit,931.84,rmehta,jverma,Debit entry for Sales Revenue,
JE00679,2024-07-22,2024-07-22 18:42:00,Utilities Expense,TechNova Pvt Ltd,Debit,10000,akhan,rmehta,Debit entry for Utilities Expense,round_number
JE00680,2024-07-21,2024-07-21 18:51:00,Depreciation,Om Enterprises,Debit,1088.92,rmehta,rmehta,Debit entry for Depreciation,
JE00681,2024-07-04,2024-07-04 16:59:00,Purchase Expense,TechNova Pvt Ltd,Credit,787.01,spatel,jverma,Credit entry for Purchase Expense,
JE00682,2024-08-20,2024-08-20 15:21:00,Bank Charges,TechNova Pvt Ltd,Debit,726.62,akhan,rmehta,Debit entry for Bank Charges,
JE00683,2024-05-01,2024-05-01 18:25:00,Office Supplies,Global Supplies Ltd,Credit,130378.88,akhan,rmehta,Credit entry for Office Supplies,
JE00684,2024-07-01,2024-07-01 10:58:00,Professional Fees,Sharma Traders,Debit,1850.23,jverma,nsingh,Debit entry for Professional Fees,
JE00685,2024-11-13,2024-11-13 16:01:00,Utilities Expense,Sharma Traders,Debit,39091.84,akhan,rmehta,Debit entry for Utilities Expense,
JE00686,2024-12-11,2024-12-11 15:36:00,Salary Expense,Sharma Traders,Credit,3607.53,rmehta,akhan,Credit entry for Salary Expense,
JE00687,2024-04-02,2024-04-02 10:34:00,Interest Income,Kumar & Co,Credit,53828.84,jverma,jverma,Credit entry for Interest Income,
JE00688,2024-07-25,2024-07-25 14:21:00,Sales Revenue,Om Enterprises,Credit,135520.77,jverma,rmehta,Credit entry for Sales Revenue,
JE00689,2025-03-16,2025-03-16 10:53:00,Office Supplies,Sharma Traders,Debit,158254.42,jverma,akhan,Debit entry for Office Supplies,
JE00690,2024-11-22,2024-11-22 15:57:00,Office Supplies,Global Supplies Ltd,Debit,2996.74,spatel,jverma,Debit entry for Office Supplies,
JE00691,2024-05-25,2024-05-25 12:01:00,Professional Fees,Kumar & Co,Debit,1156.4,akhan,jverma,Debit entry for Professional Fees,
JE00692,2025-01-29,2025-01-29 16:01:00,Rent Expense,Kumar & Co,Debit,9981.09,jverma,nsingh,Debit entry for Rent Expense,
JE00693,2024-04-19,2024-04-19 17:29:00,Consulting Income,TechNova Pvt Ltd,Debit,62965.44,rmehta,jverma,Debit entry for Consulting Income,
JE00694,2025-03-14,2025-03-14 09:30:00,Interest Income,Om Enterprises,Debit,9356.28,spatel,spatel,Debit entry for Interest Income,same_approver
JE00695,2025-02-11,2025-02-11 13:52:00,Sales Revenue,Om Enterprises,Debit,674.47,spatel,rmehta,Debit entry for Sales Revenue,
JE00696,2024-05-20,2024-05-20 18:14:00,Travel Expense,Global Supplies Ltd,Debit,17665.95,nsingh,rmehta,Debit entry for Travel Expense,
JE00697,2024-05-03,2024-05-03 17:08:00,Rent Expense,TechNova Pvt Ltd,Credit,30130.69,jverma,akhan,Credit entry for Rent Expense,
JE00698,2024-09-12,2024-09-12 15:10:00,Rent Expense,Bharat Logistics,Debit,2580.22,rmehta,akhan,Debit entry for Rent Expense,
JE00699,2025-03-23,2025-03-23 10:50:00,Consulting Income,Global Supplies Ltd,Credit,638.07,nsingh,spatel,Credit entry for Consulting Income,
JE00700,2025-02-18,2025-02-18 10:45:00,Depreciation,Global Supplies Ltd,Debit,522.12,jverma,jverma,Debit entry for Depreciation,
JE00701,2025-02-28,2025-02-28 17:28:00,Depreciation,Kumar & Co,Credit,23111.86,akhan,spatel,Credit entry for Depreciation,
JE00702,2024-10-28,2024-10-28 10:40:00,Rent Expense,Bharat Logistics,Debit,9993.27,spatel,nsingh,Debit entry for Rent Expense,
JE00703,2024-09-02,2024-09-02 10:39:00,Consulting Income,Sharma Traders,Debit,11983.39,jverma,spatel,Debit entry for Consulting Income,
JE00704,2024-10-03,2024-10-03 11:43:00,Interest Income,Global Supplies Ltd,Credit,1596.02,nsingh,spatel,Credit entry for Interest Income,
JE00705,2024-11-29,2024-11-29 15:16:00,Travel Expense,Global Supplies Ltd,Debit,2758.83,spatel,rmehta,Debit entry for Travel Expense,
JE00706,2024-09-19,2024-09-19 09:31:00,Depreciation,Sharma Traders,Debit,1434.3,jverma,rmehta,Debit entry for Depreciation,
JE00707,2024-12-20,2024-12-20 14:14:00,Purchase Expense,Global Supplies Ltd,Credit,6157.52,rmehta,nsingh,Credit entry for Purchase Expense,
JE00708,2024-05-27,2024-05-27 12:04:00,Consulting Income,Sharma Traders,Debit,4743.82,spatel,jverma,Debit entry for Consulting Income,
JE00709,2024-11-28,2024-11-28 11:24:00,Depreciation,Sharma Traders,Credit,19264.27,jverma,spatel,Credit entry for Depreciation,
JE00710,2024-10-09,2024-10-09 11:02:00,Salary Expense,Om Enterprises,Debit,1679.33,jverma,akhan,Debit entry for Salary Expense,
JE00711,2025-03-21,2025-03-21 11:48:00,Depreciation,TechNova Pvt Ltd,Debit,7802.25,rmehta,rmehta,Debit entry for Depreciation,
JE00712,2024-09-23,2024-09-23 17:54:00,Rent Expense,Bharat Logistics,Debit,15968.96,akhan,nsingh,Debit entry for Rent Expense,
JE00713,2024-07-27,2024-07-27 13:00:00,Purchase Expense,Bharat Logistics,Credit,75312.26,jverma,spatel,Credit entry for Purchase Expense,
JE00714,2024-11-06,2024-11-06 18:09:00,Utilities Expense,Global Supplies Ltd,Credit,104603.44,spatel,jverma,Credit entry for Utilities Expense,
JE00715,2025-01-19,2025-01-19 15:33:00,Sales Revenue,Sharma Traders,Debit,10255.84,jverma,jverma,Debit entry for Sales Revenue,
JE00716,2024-10-19,2024-10-19 15:13:00,Travel Expense,Kumar & Co,Credit,45553.94,rmehta,spatel,Credit entry for Travel Expense,
JE00717,2024-06-07,2024-06-07 16:54:00,Consulting Income,Global Supplies Ltd,Debit,3105.8,akhan,rmehta,Debit entry for Consulting Income,
JE00718,2025-01-18,2025-01-18 15:11:00,Utilities Expense,Sharma Traders,Credit,94121.39,nsingh,jverma,Credit entry for Utilities Expense,
JE00719,2024-10-07,2024-10-07 17:02:00,Professional Fees,Om Enterprises,Debit,31357.73,jverma,rmehta,Debit entry for Professional Fees,
JE00720,2024-08-30,2024-08-30 09:32:00,Bank Charges,Om Enterprises,Debit,3736.52,akhan,rmehta,Debit entry for Bank Charges,
JE00721,2025-03-12,2025-03-12 14:11:00,Consulting Income,Sharma Traders,Credit,638.74,rmehta,akhan,Credit entry for Consulting Income,
JE00722,2025-02-26,2025-02-26 10:41:00,Interest Income,Bharat Logistics,Debit,2088.85,rmehta,spatel,Debit entry for Interest Income,
JE00723,2024-12-01,2024-12-01 17:43:00,Utilities Expense,Om Enterprises,Debit,108503.97,nsingh,spatel,Debit entry for Utilities Expense,
JE00724,2024-11-03,2024-11-03 10:30:00,Office Supplies,Sharma Traders,Credit,10087.26,rmehta,akhan,Credit entry for Office Supplies,
JE00725,2025-03-30,2025-03-30 10:12:00,Interest Income,TechNova Pvt Ltd,Credit,28245.8,nsingh,nsingh,Credit entry for Interest Income,
JE00726,2024-11-21,2024-11-21 11:17:00,Purchase Expense,Kumar & Co,Debit,792.85,rmehta,akhan,Debit entry for Purchase Expense,
JE00727,2024-05-28,2024-05-28 13:26:00,Utilities Expense,Kumar & Co,Debit,21437.8,spatel,spatel,Debit entry for Utilities Expense,
JE00728,2025-03-16,2025-03-16 13:12:00,Interest Income,Kumar & Co,Credit,23794.56,spatel,jverma,Credit entry for Interest Income,
JE00729,2024-05-03,2024-05-03 14:31:00,Sales Revenue,Bharat Logistics,Credit,25427.18,spatel,jverma,Credit entry for Sales Revenue,
JE00730,2025-01-29,2025-01-29 13:10:00,Professional Fees,Bharat Logistics,Credit,1102.36,nsingh,jverma,Credit entry for Professional Fees,
JE00731,2024-08-12,2024-08-12 11:39:00,Rent Expense,TechNova Pvt Ltd,Credit,2747.57,jverma,rmehta,Credit entry for Rent Expense,
JE00732,2024-06-22,2024-06-22 11:10:00,Utilities Expense,TechNova Pvt Ltd,Debit,31756.41,nsingh,spatel,Debit entry for Utilities Expense,
JE00733,2024-07-31,2024-07-31 17:45:00,Purchase Expense,TechNova Pvt Ltd,Debit,1510.22,rmehta,jverma,Debit entry for Purchase Expense,
JE00734,2024-04-18,2024-04-18 17:19:00,Professional Fees,TechNova Pvt Ltd,Debit,172659.4,akhan,akhan,Debit entry for Professional Fees,
JE00735,2024-06-02,2024-06-02 17:32:00,Sales Revenue,Kumar & Co,Debit,1273.59,jverma,jverma,Debit entry for Sales Revenue,
JE00736,2024-09-17,2024-09-17 16:21:00,Professional Fees,Kumar & Co,Credit,60188.73,akhan,nsingh,Credit entry for Professional Fees,
JE00737,2025-03-19,2025-03-19 18:53:00,Purchase Expense,Sharma Traders,Debit,580.08,jverma,nsingh,Debit entry for Purchase Expense,
JE00738,2024-07-22,2024-07-22 17:14:00,Travel Expense,Sharma Traders,Credit,1609.76,akhan,rmehta,Credit entry for Travel Expense,
JE00739,2024-08-21,2024-08-21 16:20:00,Rent Expense,Sharma Traders,Credit,5312.32,rmehta,rmehta,Credit entry for Rent Expense,
JE00740,2025-02-03,2025-02-03 14:24:00,Depreciation,Sharma Traders,Credit,83295.09,nsingh,jverma,Credit entry for Depreciation,
JE00741,2024-10-08,2024-10-08 10:13:00,Sales Revenue,TechNova Pvt Ltd,Credit,94179.32,akhan,akhan,Credit entry for Sales Revenue,
JE00742,2024-11-14,2024-11-14 15:46:00,Utilities Expense,Kumar & Co,Credit,167458.3,jverma,spatel,Credit entry for Utilities Expense,
JE00743,2024-10-30,2024-10-30 17:21:00,Salary Expense,Bharat Logistics,Debit,8588.98,nsingh,spatel,Debit entry for Salary Expense,
JE00744,2024-05-04,2024-05-04 11:35:00,Depreciation,Sharma Traders,Debit,2571.51,jverma,jverma,Debit entry for Depreciation,
JE00745,2024-11-23,2024-11-23 16:02:00,Utilities Expense,Global Supplies Ltd,Debit,2832.5,nsingh,spatel,Debit entry for Utilities Expense,
JE00746,2024-09-02,2024-09-02 13:19:00,Depreciation,Kumar & Co,Credit,25000,akhan,spatel,Credit entry for Depreciation,round_number
JE00747,2025-02-22,2025-02-22 12:01:00,Professional Fees,Sharma Traders,Credit,114419.57,jverma,jverma,Credit entry for Professional Fees,
JE00748,2024-06-01,2024-06-01 13:40:00,Office Supplies,Sharma Traders,Credit,6817.83,jverma,nsingh,Credit entry for Office Supplies,
JE00749,2025-03-18,2025-03-18 14:29:00,Travel Expense,TechNova Pvt Ltd,Debit,709.93,rmehta,akhan,Debit entry for Travel Expense,
JE00750,2025-03-21,2025-03-21 14:03:00,Salary Expense,Global Supplies Ltd,Debit,22621.59,akhan,akhan,Debit entry for Salary Expense,
JE00751,2024-08-27,2024-08-27 10:38:00,Office Supplies,Om Enterprises,Debit,21534.84,nsingh,nsingh,Debit entry for Office Supplies,
JE00752,2024-06-25,2024-06-25 10:34:00,Interest Income,TechNova Pvt Ltd,Credit,30909.31,akhan,akhan,Credit entry for Interest Income,
JE00753,2025-01-22,2025-01-22 15:21:00,Consulting Income,Sharma Traders,Debit,53146.51,spatel,nsingh,Debit entry for Consulting Income,
JE00754,2024-06-23,2024-06-23 17:54:00,Purchase Expense,Global Supplies Ltd,Debit,14210.99,spatel,spatel,Debit entry for Purchase Expense,
JE00755,2024-12-29,2024-12-29 11:59:00,Utilities Expense,Om Enterprises,Debit,790.26,nsingh,jverma,Debit entry for Utilities Expense,
JE00756,2024-04-09,2024-04-09 18:33:00,Travel Expense,TechNova Pvt Ltd,Credit,103297.89,akhan,spatel,Credit entry for Travel Expense,
JE00757,2024-09-23,2024-09-23 12:19:00,Salary Expense,Sharma Traders,Debit,32021.02,akhan,spatel,Debit entry for Salary Expense,
JE00758,2024-06-04,2024-06-04 15:02:00,Rent Expense,Sharma Traders,Credit,51852.04,spatel,rmehta,Credit entry for Rent Expense,
JE00759,2024-07-10,2024-07-10 10:19:00,Purchase Expense,Om Enterprises,Debit,2276.79,rmehta,jverma,Debit entry for Purchase Expense,
JE00760,2025-03-08,2025-03-08 14:01:00,Sales Revenue,Sharma Traders,Debit,1512.81,rmehta,nsingh,Debit entry for Sales Revenue,
JE00761,2024-05-17,2024-05-17 18:15:00,Salary Expense,Bharat Logistics,Credit,10038.08,akhan,akhan,Credit entry for Salary Expense,
JE00762,2024-12-15,2024-12-15 13:10:00,Depreciation,Sharma Traders,Debit,1575.39,rmehta,nsingh,Debit entry for Depreciation,
JE00763,2025-01-01,2025-01-01 10:11:00,Sales Revenue,Global Supplies Ltd,Credit,1515.93,rmehta,akhan,Credit entry for Sales Revenue,
JE00764,2024-09-29,2024-09-29 10:29:00,Bank Charges,Global Supplies Ltd,Debit,182385.98,jverma,jverma,Debit entry for Bank Charges,
JE00765,2024-05-27,2024-05-27 14:31:00,Interest Income,Kumar & Co,Credit,637.73,spatel,akhan,Credit entry for Interest Income,
JE00766,2024-05-30,2024-05-30 15:12:00,Bank Charges,Kumar & Co,Credit,5737.77,akhan,jverma,Credit entry for Bank Charges,
JE00767,2024-05-06,2024-05-06 17:42:00,Travel Expense,Global Supplies Ltd,Debit,5374.62,akhan,jverma,Debit entry for Travel Expense,
JE00768,2025-03-13,2025-03-13 11:04:00,Purchase Expense,Global Supplies Ltd,Credit,174850.96,rmehta,jverma,Credit entry for Purchase Expense,
JE00769,2024-10-04,2024-10-04 16:17:00,Rent Expense,Global Supplies Ltd,Credit,6369.07,akhan,rmehta,Credit entry for Rent Expense,
JE00770,2025-01-23,2025-01-23 15:31:00,Depreciation,Om Enterprises,Credit,18554.22,akhan,akhan,Credit entry for Depreciation,
JE00771,2024-12-18,2024-12-18 11:01:00,Office Supplies,Kumar & Co,Debit,9837.99,spatel,rmehta,Debit entry for Office Supplies,
JE00772,2024-05-21,2024-05-21 14:09:00,Utilities Expense,Sharma Traders,Credit,4949.99,rmehta,rmehta,Credit entry for Utilities Expense,
JE00773,2024-09-03,2024-09-03 12:18:00,Depreciation,Sharma Traders,Debit,57770.31,nsingh,nsingh,Debit entry for Depreciation,
JE00774,2025-03-05,2025-03-05 17:01:00,Travel Expense,Bharat Logistics,Credit,86275.79,jverma,nsingh,Credit entry for Travel Expense,
JE00775,2024-04-17,2024-04-17 09:02:00,Bank Charges,Kumar & Co,Credit,7088.06,rmehta,akhan,Credit entry for Bank Charges,
JE00776,2024-06-30,2024-06-30 15:31:00,Interest Income,Om Enterprises,Debit,3250.94,akhan,jverma,Debit entry for Interest Income,
JE00777,2024-05-27,2024-05-27 09:25:00,Depreciation,Om Enterprises,Credit,1275.56,jverma,jverma,Credit entry for Depreciation,
JE00778,2024-08-13,2024-08-13 09:08:00,Travel Expense,Kumar & Co,Credit,591.85,nsingh,akhan,Credit entry for Travel Expense,
JE00779,2024-10-05,2024-10-05 14:26:00,Consulting Income,Sharma Traders,Credit,3954.15,nsingh,jverma,Credit entry for Consulting Income,
JE00780,2024-09-27,2024-09-27 10:55:00,Sales Revenue,Global Supplies Ltd,Debit,116911.4,spatel,akhan,Debit entry for Sales Revenue,
JE00781,2024-09-04,2024-09-04 15:36:00,Purchase Expense,Global Supplies Ltd,Debit,7911.96,akhan,nsingh,Debit entry for Purchase Expense,
JE00782,2024-12-20,2024-12-20 23:20:00,Bank Charges,Sharma Traders,Credit,4806.91,akhan,nsingh,Credit entry for Bank Charges,off_hours
JE00783,2025-01-19,2025-01-19 14:10:00,Purchase Expense,Sharma Traders,Debit,64629.42,jverma,akhan,Debit entry for Purchase Expense,
JE00784,2025-02-09,2025-02-09 10:53:00,Office Supplies,Kumar & Co,Debit,171259.84,akhan,jverma,Debit entry for Office Supplies,
JE00785,2024-12-31,2024-12-31 12:39:00,Rent Expense,TechNova Pvt Ltd,Debit,5559.93,akhan,akhan,Debit entry for Rent Expense,
JE00786,2024-05-18,2024-05-18 16:27:00,Utilities Expense,Sharma Traders,Credit,60771.95,nsingh,akhan,Credit entry for Utilities Expense,
JE00787,2024-07-17,2024-07-17 17:20:00,Consulting Income,Om Enterprises,Credit,6690.05,rmehta,nsingh,Credit entry for Consulting Income,
JE00788,2024-07-12,2024-07-12 17:55:00,Bank Charges,TechNova Pvt Ltd,Credit,558.96,jverma,nsingh,Credit entry for Bank Charges,
JE00789,2024-07-05,2024-07-05 18:54:00,Depreciation,Global Supplies Ltd,Credit,12165.72,jverma,akhan,Credit entry for Depreciation,
JE00790,2024-11-09,2024-11-09 13:54:00,Depreciation,Bharat Logistics,Debit,2110.75,rmehta,akhan,Debit entry for Depreciation,
JE00791,2024-11-09,2024-11-09 11:16:00,Bank Charges,Sharma Traders,Debit,2791.75,akhan,jverma,Debit entry for Bank Charges,
JE00792,2025-03-18,2025-03-18 13:29:00,Depreciation,Kumar & Co,Debit,590.28,spatel,rmehta,Debit entry for Depreciation,
JE00793,2024-12-05,2024-12-05 13:50:00,Interest Income,Kumar & Co,Debit,1132.32,jverma,spatel,Debit entry for Interest Income,
JE00794,2024-08-21,2024-08-21 10:20:00,Professional Fees,Global Supplies Ltd,Debit,696.52,nsingh,jverma,Debit entry for Professional Fees,
JE00795,2025-02-03,2025-02-03 11:15:00,Office Supplies,Kumar & Co,Credit,76596.2,rmehta,rmehta,Credit entry for Office Supplies,
JE00796,2024-05-28,2024-05-28 10:49:00,Depreciation,Sharma Traders,Credit,2081.9,nsingh,jverma,Credit entry for Depreciation,
JE00797,2024-09-08,2024-09-08 10:11:00,Consulting Income,Om Enterprises,Credit,1846.04,nsingh,spatel,Credit entry for Consulting Income,
JE00798,2024-07-19,2024-07-19 01:20:00,Office Supplies,Kumar & Co,Credit,33068.71,jverma,nsingh,Credit entry for Office Supplies,off_hours
JE00799,2025-01-05,2025-01-05 14:30:00,Bank Charges,Om Enterprises,Debit,137097.05,jverma,akhan,Debit entry for Bank Charges,
JE00800,2024-10-06,2024-10-06 12:16:00,Office Supplies,Om Enterprises,Debit,56426.35,rmehta,rmehta,Debit entry for Office Supplies,
JE00801,2025-01-08,2025-01-08 16:24:00,Bank Charges,Om Enterprises,Credit,2060.87,akhan,rmehta,Credit entry for Bank Charges,
JE00802,2024-04-05,2024-04-05 11:58:00,Bank Charges,TechNova Pvt Ltd,Debit,86143.78,akhan,spatel,Debit entry for Bank Charges,
JE00803,2024-11-11,2024-11-11 16:30:00,Professional Fees,Om Enterprises,Credit,807.94,akhan,rmehta,Credit entry for Professional Fees,
JE00804,2024-10-29,2024-10-29 18:46:00,Consulting Income,Sharma Traders,Debit,4116.44,jverma,akhan,Debit entry for Consulting Income,
JE00805,2025-01-06,2025-01-06 16:50:00,Utilities Expense,Kumar & Co,Debit,1503.39,akhan,rmehta,Debit entry for Utilities Expense,
JE00806,2025-02-23,2025-02-23 11:15:00,Salary Expense,Kumar & Co,Debit,818.36,rmehta,akhan,Debit entry for Salary Expense,
JE00807,2024-12-21,2024-12-21 11:16:00,Utilities Expense,Bharat Logistics,Credit,93731.29,spatel,akhan,Credit entry for Utilities Expense,
JE00808,2024-06-28,2024-06-28 15:56:00,Professional Fees,TechNova Pvt Ltd,Credit,4523.62,nsingh,spatel,Credit entry for Professional Fees,
JE00809,2024-10-11,2024-10-11 10:29:00,Depreciation,Sharma Traders,Debit,21354.63,spatel,nsingh,Debit entry for Depreciation,
JE00810,2024-07-11,2024-07-11 10:23:00,Office Supplies,Sharma Traders,Credit,2376.38,spatel,nsingh,Credit entry for Office Supplies,
JE00811,2024-06-27,2024-06-27 12:45:00,Depreciation,Sharma Traders,Credit,9655.51,rmehta,jverma,Credit entry for Depreciation,
JE00812,2024-07-14,2024-07-14 18:13:00,Rent Expense,TechNova Pvt Ltd,Credit,84569.18,akhan,jverma,Credit entry for Rent Expense,
JE00813,2024-08-23,2024-08-23 13:15:00,Utilities Expense,Kumar & Co,Debit,594.07,spatel,jverma,Debit entry for Utilities Expense,
JE00814,2025-02-11,2025-02-11 15:43:00,Travel Expense,TechNova Pvt Ltd,Credit,92580.22,spatel,spatel,Credit entry for Travel Expense,same_approver
JE00815,2024-07-18,2024-07-18 09:03:00,Utilities Expense,Om Enterprises,Credit,884.9,jverma,nsingh,Credit entry for Utilities Expense,
JE00816,2024-09-18,2024-09-18 13:25:00,Rent Expense,TechNova Pvt Ltd,Debit,20481.27,jverma,rmehta,Debit entry for Rent Expense,
JE00817,2025-03-10,2025-03-10 16:59:00,Consulting Income,Bharat Logistics,Debit,1383.48,spatel,nsingh,Debit entry for Consulting Income,
JE00818,2024-09-21,2024-09-21 14:02:00,Travel Expense,Sharma Traders,Credit,2379.92,spatel,nsingh,Credit entry for Travel Expense,
JE00819,2024-06-05,2024-06-05 18:53:00,Travel Expense,Om Enterprises,Credit,95677.78,akhan,jverma,Credit entry for Travel Expense,
JE00820,2024-08-14,2024-08-14 11:35:00,Interest Income,Kumar & Co,Debit,9490.66,akhan,akhan,Debit entry for Interest Income,
JE00821,2025-03-03,2025-03-03 13:10:00,Professional Fees,Sharma Traders,Debit,619.85,jverma,jverma,Debit entry for Professional Fees,same_approver
JE00822,2025-03-28,2025-03-28 17:31:00,Travel Expense,Sharma Traders,Credit,187040.34,jverma,rmehta,Credit entry for Travel Expense,
JE00823,2024-11-21,2024-11-21 13:11:00,Travel Expense,Om Enterprises,Debit,1694.72,rmehta,rmehta,Debit entry for Travel Expense,
JE00824,2024-06-26,2024-06-26 18:11:00,Utilities Expense,TechNova Pvt Ltd,Debit,512.51,nsingh,nsingh,Debit entry for Utilities Expense,
JE00825,2024-10-31,2024-10-31 14:37:00,Purchase Expense,Kumar & Co,Debit,100000,spatel,akhan,Debit entry for Purchase Expense,round_number
JE00826,2024-05-25,2024-05-25 16:40:00,Consulting Income,Sharma Traders,Debit,26009.43,spatel,jverma,Debit entry for Consulting Income,
JE00827,2024-08-16,2024-08-16 18:08:00,Depreciation,TechNova Pvt Ltd,Debit,3502.83,rmehta,nsingh,Debit entry for Depreciation,
JE00828,2024-07-18,2024-07-18 10:25:00,Sales Revenue,TechNova Pvt Ltd,Debit,18457.32,akhan,rmehta,Debit entry for Sales Revenue,
JE00829,2024-08-09,2024-08-09 15:18:00,Salary Expense,Kumar & Co,Debit,1327.25,spatel,rmehta,Debit entry for Salary Expense,
JE00830,2025-02-26,2025-02-26 13:57:00,Professional Fees,Sharma Traders,Credit,41095.86,spatel,jverma,Credit entry for Professional Fees,
JE00831,2025-03-17,2025-03-17 15:30:00,Depreciation,TechNova Pvt Ltd,Debit,9397.2,spatel,akhan,Debit entry for Depreciation,
JE00832,2024-08-16,2024-08-16 15:40:00,Depreciation,Kumar & Co,Debit,19782.94,nsingh,jverma,Debit entry for Depreciation,
JE00833,2024-11-05,2024-11-05 11:59:00,Purchase Expense,Bharat Logistics,Credit,24215.4,rmehta,jverma,Credit entry for Purchase Expense,
JE00834,2024-12-10,2024-12-10 16:19:00,Interest Income,Sharma Traders,Credit,114704.09,nsingh,jverma,Credit entry for Interest Income,
JE00835,2024-06-16,2024-06-16 09:32:00,Salary Expense,Global Supplies Ltd,Credit,13573.45,akhan,akhan,Credit entry for Salary Expense,
JE00836,2024-05-26,2024-05-26 13:22:00,Interest Income,Kumar & Co,Debit,15072.47,jverma,jverma,Debit entry for Interest Income,
JE00837,2024-08-09,2024-08-09 11:53:00,Depreciation,Bharat Logistics,Debit,8005.87,rmehta,rmehta,Debit entry for Depreciation,
JE00838,2024-10-19,2024-10-19 16:39:00,Sales Revenue,Kumar & Co,Credit,7636.64,rmehta,akhan,Credit entry for Sales Revenue,
JE00839,2024-08-14,2024-08-14 10:27:00,Consulting Income,Global Supplies Ltd,Debit,18653.13,spatel,rmehta,Debit entry for Consulting Income,
JE00840,2024-12-30,2024-12-30 15:55:00,Sales Revenue,Kumar & Co,Debit,8718.96,rmehta,rmehta,Debit entry for Sales Revenue,
JE00841,2025-03-03,2025-03-03 14:44:00,Utilities Expense,Om Enterprises,Credit,171069.74,nsingh,akhan,Credit entry for Utilities Expense,
JE00842,2025-03-11,2025-03-11 09:44:00,Utilities Expense,TechNova Pvt Ltd,Debit,1568.37,jverma,spatel,Debit entry for Utilities Expense,
JE00843,2024-07-06,2024-07-06 17:12:00,Sales Revenue,Kumar & Co,Debit,21282.05,spatel,spatel,Debit entry for Sales Revenue,
JE00844,2024-05-15,2024-05-15 16:31:00,Office Supplies,Global Supplies Ltd,Credit,111457.38,jverma,jverma,Credit entry for Office Supplies,same_approver
JE00845,2024-11-28,2024-11-28 15:03:00,Sales Revenue,Bharat Logistics,Debit,71986.43,jverma,spatel,Debit entry for Sales Revenue,
JE00846,2024-09-18,2024-09-18 18:46:00,Sales Revenue,Om Enterprises,Credit,41389.67,rmehta,jverma,Credit entry for Sales Revenue,
JE00847,2025-01-09,2025-01-09 16:14:00,Office Supplies,Kumar & Co,Credit,38411.35,rmehta,jverma,Credit entry for Office Supplies,
JE00848,2024-05-02,2024-05-02 15:56:00,Interest Income,Kumar & Co,Credit,105266.46,rmehta,nsingh,Credit entry for Interest Income,
JE00849,2024-11-29,2024-11-29 13:46:00,Purchase Expense,Bharat Logistics,Credit,566.38,jverma,jverma,Credit entry for Purchase Expense,
JE00850,2024-07-08,2024-07-08 14:58:00,Travel Expense,Kumar & Co,Debit,115991.21,akhan,nsingh,Debit entry for Travel Expense,
JE00851,2025-02-03,2025-02-03 14:50:00,Utilities Expense,Global Supplies Ltd,Credit,73569.21,jverma,jverma,Credit entry for Utilities Expense,
JE00852,2024-11-28,2024-11-28 12:10:00,Salary Expense,Global Supplies Ltd,Credit,1083.64,nsingh,rmehta,Credit entry for Salary Expense,
JE00853,2025-02-05,2025-02-05 09:22:00,Travel Expense,Kumar & Co,Credit,14056.47,rmehta,akhan,Credit entry for Travel Expense,
JE00854,2024-08-12,2024-08-12 12:07:00,Consulting Income,Global Supplies Ltd,Debit,989.75,spatel,rmehta,Debit entry for Consulting Income,
JE00855,2025-01-13,2025-01-13 17:17:00,Rent Expense,TechNova Pvt Ltd,Credit,50443.26,jverma,akhan,Credit entry for Rent Expense,
JE00856,2024-06-17,2024-06-17 16:53:00,Utilities Expense,Bharat Logistics,Debit,6890.03,nsingh,rmehta,Debit entry for Utilities Expense,
JE00857,2024-05-27,2024-05-27 10:55:00,Purchase Expense,Bharat Logistics,Debit,25000,nsingh,nsingh,Debit entry for Purchase Expense,round_number
JE00858,2024-07-15,2024-07-15 10:09:00,Consulting Income,Om Enterprises,Credit,9904.06,spatel,jverma,Credit entry for Consulting Income,
JE00859,2025-02-26,2025-02-26 09:15:00,Consulting Income,Global Supplies Ltd,Debit,6036.37,akhan,spatel,Debit entry for Consulting Income,
JE00860,2024-11-29,2024-11-29 15:23:00,Consulting Income,Bharat Logistics,Debit,36304.68,akhan,rmehta,Debit entry for Consulting Income,
JE00861,2025-02-17,2025-02-17 15:57:00,Professional Fees,Global Supplies Ltd,Credit,6528.19,spatel,spatel,Credit entry for Professional Fees,
JE00862,2024-11-21,2024-11-21 17:04:00,Interest Income,Sharma Traders,Credit,36836.23,akhan,spatel,Credit entry for Interest Income,
JE00863,2024-05-14,2024-05-14 11:57:00,Consulting Income,Kumar & Co,Debit,47253.52,akhan,jverma,Debit entry for Consulting Income,
JE00864,2025-01-20,2025-01-20 13:46:00,Sales Revenue,TechNova Pvt Ltd,Credit,33301.87,nsingh,jverma,Credit entry for Sales Revenue,
JE00865,2024-09-08,2024-09-08 17:39:00,Consulting Income,TechNova Pvt Ltd,Debit,1708.99,rmehta,jverma,Debit entry for Consulting Income,
JE00866,2025-02-11,2025-02-11 10:02:00,Professional Fees,Om Enterprises,Credit,98020.97,jverma,jverma,Credit entry for Professional Fees,
JE00867,2025-01-01,2025-01-01 10:32:00,Consulting Income,Om Enterprises,Debit,2740.11,jverma,nsingh,Debit entry for Consulting Income,
JE00868,2025-01-08,2025-01-08 03:46:00,Office Supplies,TechNova Pvt Ltd,Debit,2123.0,nsingh,rmehta,Debit entry for Office Supplies,off_hours
JE00869,2024-11-03,2024-11-03 10:03:00,Interest Income,Om Enterprises,Debit,10459.57,rmehta,akhan,Debit entry for Interest Income,
JE00870,2025-02-28,2025-02-28 18:36:00,Purchase Expense,TechNova Pvt Ltd,Debit,2057.36,jverma,jverma,Debit entry for Purchase Expense,
JE00871,2025-02-16,2025-02-16 18:43:00,Professional Fees,Bharat Logistics,Debit,27185.79,nsingh,akhan,Debit entry for Professional Fees,
JE00872,2024-06-11,2024-06-11 14:29:00,Utilities Expense,Bharat Logistics,Debit,16380.58,jverma,rmehta,Debit entry for Utilities Expense,
JE00873,2024-05-21,2024-05-21 16:13:00,Salary Expense,Kumar & Co,Debit,102547.36,jverma,rmehta,Debit entry for Salary Expense,
JE00874,2024-11-15,2024-11-15 13:37:00,Purchase Expense,Om Enterprises,Credit,53151.88,akhan,nsingh,Credit entry for Purchase Expense,
JE00875,2024-12-12,2024-12-12 11:31:00,Professional Fees,Kumar & Co,Credit,1187.32,jverma,jverma,Credit entry for Professional Fees,
JE00876,2025-03-31,2025-03-31 11:35:00,Travel Expense,Om Enterprises,Debit,607.88,spatel,spatel,Debit entry for Travel Expense,
JE00877,2024-10-07,2024-10-07 17:09:00,Purchase Expense,Kumar & Co,Debit,2834.67,nsingh,rmehta,Debit entry for Purchase Expense,
JE00878,2024-05-31,2024-05-31 11:50:00,Consulting Income,TechNova Pvt Ltd,Credit,57243.94,akhan,akhan,Credit entry for Consulting Income,
JE00879,2025-01-27,2025-01-27 09:07:00,Bank Charges,TechNova Pvt Ltd,Credit,42034.95,rmehta,spatel,Credit entry for Bank Charges,
JE00880,2025-01-06,2025-01-06 14:50:00,Consulting Income,Sharma Traders,Credit,14829.34,rmehta,jverma,Credit entry for Consulting Income,
JE00881,2024-10-11,2024-10-11 16:09:00,Travel Expense,Global Supplies Ltd,Debit,47962.73,nsingh,nsingh,Debit entry for Travel Expense,
JE00882,2024-09-14,2024-09-14 17:02:00,Purchase Expense,Om Enterprises,Credit,5343.39,nsingh,jverma,Credit entry for Purchase Expense,
JE00883,2025-03-10,2025-03-10 13:35:00,Travel Expense,Om Enterprises,Debit,15393.41,akhan,spatel,Debit entry for Travel Expense,
JE00884,2025-02-25,2025-02-25 18:33:00,Purchase Expense,Sharma Traders,Debit,46809.08,nsingh,nsingh,Debit entry for Purchase Expense,
JE00885,2024-07-06,2024-07-06 12:15:00,Travel Expense,Sharma Traders,Debit,560.2,nsingh,nsingh,Debit entry for Travel Expense,
JE00886,2025-03-28,2025-03-28 09:21:00,Depreciation,Sharma Traders,Credit,9501.94,jverma,jverma,Credit entry for Depreciation,
JE00887,2024-11-10,2024-11-10 10:34:00,Salary Expense,Sharma Traders,Credit,993.76,jverma,jverma,Credit entry for Salary Expense,
JE00888,2024-06-26,2024-06-26 11:03:00,Office Supplies,Global Supplies Ltd,Credit,150161.9,spatel,rmehta,Credit entry for Office Supplies,
JE00889,2025-02-09,2025-02-09 15:57:00,Consulting Income,Sharma Traders,Debit,3402.02,spatel,akhan,Debit entry for Consulting Income,
JE00890,2024-09-13,2024-09-13 12:31:00,Office Supplies,Sharma Traders,Debit,17881.82,jverma,spatel,Debit entry for Office Supplies,
JE00891,2024-12-17,2024-12-17 10:30:00,Interest Income,Sharma Traders,Credit,13747.52,jverma,rmehta,Credit entry for Interest Income,
JE00892,2024-04-15,2024-04-15 12:48:00,Bank Charges,Sharma Traders,Credit,28550.52,spatel,nsingh,Credit entry for Bank Charges,
JE00893,2025-01-10,2025-01-10 12:50:00,Professional Fees,TechNova Pvt Ltd,Credit,22560.94,spatel,jverma,Credit entry for Professional Fees,
JE00894,2024-06-12,2024-06-12 17:28:00,Consulting Income,Global Supplies Ltd,Debit,158659.42,nsingh,nsingh,Debit entry for Consulting Income,
JE00895,2024-04-22,2024-04-22 13:53:00,Sales Revenue,Bharat Logistics,Credit,2571.11,jverma,spatel,Credit entry for Sales Revenue,duplicate_source
JE00895D,2024-04-22,2024-04-22 13:53:00,Sales Revenue,Bharat Logistics,Credit,2571.11,jverma,spatel,Credit entry for Sales Revenue,duplicate_copy
JE00896,2025-03-15,2025-03-15 11:47:00,Bank Charges,Om Enterprises,Debit,2697.48,akhan,nsingh,Debit entry for Bank Charges,
JE00897,2024-12-30,2024-12-30 17:17:00,Depreciation,TechNova Pvt Ltd,Debit,72439.58,rmehta,jverma,Debit entry for Depreciation,
JE00898,2024-11-08,2024-11-08 16:17:00,Rent Expense,Bharat Logistics,Credit,177032.48,nsingh,akhan,Credit entry for Rent Expense,
JE00899,2024-08-04,2024-08-04 11:41:00,Professional Fees,TechNova Pvt Ltd,Debit,3577.96,akhan,jverma,Debit entry for Professional Fees,
JE00900,2024-04-02,2024-04-02 16:48:00,Depreciation,Sharma Traders,Debit,106785.31,jverma,spatel,Debit entry for Depreciation,
JE00901,2024-10-19,2024-10-19 14:52:00,Interest Income,Om Enterprises,Debit,28066.88,rmehta,nsingh,Debit entry for Interest Income,duplicate_source
JE00901D,2024-10-19,2024-10-19 14:52:00,Interest Income,Om Enterprises,Debit,28066.88,rmehta,nsingh,Debit entry for Interest Income,duplicate_copy
JE00902,2024-10-10,2024-10-10 12:28:00,Depreciation,Kumar & Co,Debit,4602.38,akhan,rmehta,Debit entry for Depreciation,
JE00903,2024-04-05,2024-04-05 13:51:00,Rent Expense,TechNova Pvt Ltd,Credit,19732.62,rmehta,spatel,Credit entry for Rent Expense,
JE00904,2024-07-23,2024-07-23 18:13:00,Rent Expense,TechNova Pvt Ltd,Debit,33958.18,jverma,akhan,Debit entry for Rent Expense,
JE00905,2024-04-04,2024-04-04 12:42:00,Rent Expense,Sharma Traders,Credit,1388.55,jverma,nsingh,Credit entry for Rent Expense,
JE00906,2025-01-15,2025-01-15 11:16:00,Professional Fees,Bharat Logistics,Debit,43655.37,nsingh,rmehta,Debit entry for Professional Fees,
JE00907,2025-01-17,2025-01-17 17:39:00,Rent Expense,Om Enterprises,Credit,574.28,nsingh,spatel,Credit entry for Rent Expense,
JE00908,2024-08-08,2024-08-08 09:54:00,Professional Fees,Kumar & Co,Debit,142202.0,nsingh,jverma,Debit entry for Professional Fees,
JE00909,2024-09-13,2024-09-13 09:56:00,Bank Charges,TechNova Pvt Ltd,Debit,4360.55,jverma,nsingh,Debit entry for Bank Charges,
JE00910,2024-07-24,2024-07-24 18:51:00,Sales Revenue,Kumar & Co,Credit,3714.45,akhan,akhan,Credit entry for Sales Revenue,same_approver
JE00911,2024-04-13,2024-04-13 14:19:00,Utilities Expense,Om Enterprises,Credit,1626.5,spatel,rmehta,Credit entry for Utilities Expense,
JE00912,2024-05-03,2024-05-03 14:53:00,Professional Fees,Sharma Traders,Credit,17408.87,rmehta,jverma,Credit entry for Professional Fees,
JE00913,2024-08-07,2024-08-07 17:50:00,Rent Expense,Kumar & Co,Debit,68692.68,rmehta,akhan,Debit entry for Rent Expense,
JE00914,2024-07-31,2024-07-31 10:03:00,Purchase Expense,Bharat Logistics,Credit,16046.94,nsingh,rmehta,Credit entry for Purchase Expense,
JE00915,2024-04-18,2024-04-18 09:19:00,Bank Charges,Om Enterprises,Debit,61210.99,akhan,spatel,Debit entry for Bank Charges,
JE00916,2025-02-07,2025-02-07 15:25:00,Professional Fees,Sharma Traders,Debit,2926.58,jverma,rmehta,Debit entry for Professional Fees,
JE00917,2024-05-20,2024-05-20 18:39:00,Depreciation,Global Supplies Ltd,Debit,58618.7,jverma,jverma,Debit entry for Depreciation,
JE00918,2024-05-22,2024-05-22 18:45:00,Consulting Income,Kumar & Co,Credit,925.07,rmehta,nsingh,Credit entry for Consulting Income,
JE00919,2024-05-05,2024-05-05 18:28:00,Depreciation,Bharat Logistics,Debit,6229.53,spatel,nsingh,Debit entry for Depreciation,
JE00920,2024-07-05,2024-07-05 14:19:00,Rent Expense,Sharma Traders,Debit,6808.84,spatel,spatel,Debit entry for Rent Expense,
JE00921,2025-01-24,2025-01-24 09:33:00,Interest Income,Global Supplies Ltd,Credit,2859.8,spatel,akhan,Credit entry for Interest Income,
JE00922,2025-01-26,2025-01-26 09:27:00,Professional Fees,Sharma Traders,Debit,14278.82,spatel,nsingh,Debit entry for Professional Fees,
JE00923,2024-09-24,2024-09-24 16:38:00,Rent Expense,Om Enterprises,Debit,27338.97,spatel,rmehta,Debit entry for Rent Expense,
JE00924,2025-03-21,2025-03-21 10:29:00,Consulting Income,Bharat Logistics,Credit,3581.43,nsingh,nsingh,Credit entry for Consulting Income,
JE00925,2024-04-22,2024-04-22 16:47:00,Travel Expense,Sharma Traders,Debit,1792.95,spatel,spatel,Debit entry for Travel Expense,
JE00926,2024-09-17,2024-09-17 09:04:00,Utilities Expense,Global Supplies Ltd,Credit,520.56,jverma,spatel,Credit entry for Utilities Expense,
JE00927,2024-10-01,2024-10-01 14:02:00,Sales Revenue,Sharma Traders,Debit,21965.47,nsingh,akhan,Debit entry for Sales Revenue,
JE00928,2024-04-16,2024-04-16 14:54:00,Rent Expense,TechNova Pvt Ltd,Debit,37104.46,spatel,spatel,Debit entry for Rent Expense,
JE00929,2025-01-09,2025-01-09 09:53:00,Rent Expense,Global Supplies Ltd,Debit,117093.61,spatel,spatel,Debit entry for Rent Expense,
JE00930,2025-03-13,2025-03-13 12:23:00,Salary Expense,Om Enterprises,Debit,3110.19,jverma,akhan,Debit entry for Salary Expense,
JE00931,2024-10-08,2024-10-08 11:50:00,Professional Fees,Bharat Logistics,Credit,99053.2,spatel,rmehta,Credit entry for Professional Fees,
JE00932,2024-07-07,2024-07-07 12:58:00,Rent Expense,Kumar & Co,Credit,174234.67,nsingh,akhan,Credit entry for Rent Expense,
JE00933,2024-04-24,2024-04-24 13:55:00,Depreciation,Global Supplies Ltd,Credit,687.94,nsingh,spatel,Credit entry for Depreciation,
JE00934,2024-06-04,2024-06-04 18:04:00,Interest Income,Kumar & Co,Debit,57173.16,nsingh,rmehta,Debit entry for Interest Income,
JE00935,2024-06-25,2024-06-25 14:33:00,Interest Income,Om Enterprises,Credit,1461.28,jverma,jverma,Credit entry for Interest Income,
JE00936,2025-03-22,2025-03-22 18:41:00,Travel Expense,Kumar & Co,Credit,124723.77,jverma,nsingh,Credit entry for Travel Expense,
JE00937,2024-04-19,2024-04-19 15:36:00,Rent Expense,Global Supplies Ltd,Credit,3127.5,spatel,spatel,Credit entry for Rent Expense,
JE00938,2024-06-20,2024-06-20 17:22:00,Consulting Income,Bharat Logistics,Debit,2928.89,akhan,spatel,Debit entry for Consulting Income,
JE00939,2024-07-27,2024-07-27 14:51:00,Depreciation,Kumar & Co,Credit,6673.84,rmehta,jverma,Credit entry for Depreciation,
JE00940,2024-12-11,2024-12-11 10:22:00,Consulting Income,Kumar & Co,Debit,2455.51,akhan,spatel,Debit entry for Consulting Income,
JE00941,2024-05-13,2024-05-13 10:23:00,Office Supplies,Bharat Logistics,Debit,901.65,nsingh,akhan,Debit entry for Office Supplies,
JE00942,2024-04-20,2024-04-20 13:12:00,Interest Income,TechNova Pvt Ltd,Debit,43456.49,spatel,akhan,Debit entry for Interest Income,
JE00943,2025-03-28,2025-03-28 14:50:00,Depreciation,Om Enterprises,Credit,2706.13,spatel,rmehta,Credit entry for Depreciation,
JE00944,2024-10-24,2024-10-24 11:55:00,Bank Charges,Om Enterprises,Debit,187552.1,nsingh,jverma,Debit entry for Bank Charges,
JE00945,2024-10-21,2024-10-21 17:48:00,Rent Expense,Om Enterprises,Debit,16841.81,spatel,jverma,Debit entry for Rent Expense,
JE00946,2024-11-26,2024-11-26 15:13:00,Utilities Expense,TechNova Pvt Ltd,Debit,6527.02,jverma,akhan,Debit entry for Utilities Expense,
JE00947,2024-11-11,2024-11-11 09:31:00,Travel Expense,Sharma Traders,Credit,1078.78,nsingh,spatel,Credit entry for Travel Expense,
JE00948,2025-03-04,2025-03-04 17:19:00,Consulting Income,Global Supplies Ltd,Credit,5604.79,akhan,jverma,Credit entry for Consulting Income,
JE00949,2024-09-14,2024-09-14 14:36:00,Depreciation,Bharat Logistics,Debit,150587.89,rmehta,spatel,Debit entry for Depreciation,
JE00950,2025-02-17,2025-02-17 17:24:00,Depreciation,Bharat Logistics,Credit,5193.12,nsingh,jverma,Credit entry for Depreciation,
JE00951,2024-07-06,2024-07-06 17:11:00,Travel Expense,TechNova Pvt Ltd,Credit,934.11,rmehta,akhan,Credit entry for Travel Expense,
JE00952,2024-04-17,2024-04-17 15:18:00,Utilities Expense,Kumar & Co,Debit,117583.17,nsingh,spatel,Debit entry for Utilities Expense,
JE00953,2024-07-15,2024-07-15 14:55:00,Rent Expense,Om Enterprises,Debit,25000,akhan,jverma,Debit entry for Rent Expense,round_number
JE00954,2024-10-28,2024-10-28 15:57:00,Bank Charges,Sharma Traders,Debit,42921.22,spatel,nsingh,Debit entry for Bank Charges,
JE00955,2024-07-15,2024-07-15 13:37:00,Salary Expense,TechNova Pvt Ltd,Credit,15681.67,spatel,jverma,Credit entry for Salary Expense,
JE00956,2024-07-13,2024-07-13 15:38:00,Interest Income,TechNova Pvt Ltd,Debit,7224.21,jverma,rmehta,Debit entry for Interest Income,
JE00957,2024-08-05,2024-08-05 10:18:00,Interest Income,Bharat Logistics,Credit,631.93,akhan,jverma,Credit entry for Interest Income,
JE00958,2025-02-25,2025-02-25 11:26:00,Travel Expense,Om Enterprises,Credit,64061.77,akhan,jverma,Credit entry for Travel Expense,
JE00959,2024-08-06,2024-08-06 18:06:00,Salary Expense,Om Enterprises,Credit,25937.96,nsingh,jverma,Credit entry for Salary Expense,
JE00960,2024-10-19,2024-10-19 10:44:00,Utilities Expense,Global Supplies Ltd,Debit,12537.05,rmehta,akhan,Debit entry for Utilities Expense,
JE00961,2024-07-21,2024-07-21 14:26:00,Travel Expense,Bharat Logistics,Debit,939.23,jverma,akhan,Debit entry for Travel Expense,
JE00962,2024-11-17,2024-11-17 15:54:00,Salary Expense,Global Supplies Ltd,Debit,4906.36,akhan,jverma,Debit entry for Salary Expense,duplicate_source
JE00962D,2024-11-17,2024-11-17 15:54:00,Salary Expense,Global Supplies Ltd,Debit,4906.36,akhan,jverma,Debit entry for Salary Expense,duplicate_copy
JE00963,2024-07-09,2024-07-09 16:31:00,Bank Charges,Sharma Traders,Credit,1132.66,rmehta,rmehta,Credit entry for Bank Charges,
JE00964,2024-11-23,2024-11-23 11:10:00,Purchase Expense,Bharat Logistics,Debit,68197.66,rmehta,jverma,Debit entry for Purchase Expense,
JE00965,2024-04-10,2024-04-10 10:42:00,Depreciation,Global Supplies Ltd,Credit,5199.77,rmehta,rmehta,Credit entry for Depreciation,
JE00966,2024-04-06,2024-04-06 17:13:00,Professional Fees,Global Supplies Ltd,Credit,36133.8,akhan,akhan,Credit entry for Professional Fees,
JE00967,2024-11-13,2024-11-13 18:00:00,Utilities Expense,Om Enterprises,Debit,7149.08,rmehta,jverma,Debit entry for Utilities Expense,
JE00968,2024-04-25,2024-04-25 09:00:00,Bank Charges,Global Supplies Ltd,Credit,550.43,spatel,spatel,Credit entry for Bank Charges,
JE00969,2024-09-20,2024-09-20 17:06:00,Rent Expense,Global Supplies Ltd,Debit,650.87,rmehta,spatel,Debit entry for Rent Expense,
JE00970,2024-09-15,2024-09-15 15:07:00,Consulting Income,Om Enterprises,Debit,12838.46,nsingh,nsingh,Debit entry for Consulting Income,
JE00971,2024-07-28,2024-07-28 02:29:00,Rent Expense,TechNova Pvt Ltd,Credit,537.21,rmehta,spatel,Credit entry for Rent Expense,off_hours
JE00972,2024-07-22,2024-07-22 13:49:00,Purchase Expense,Om Enterprises,Credit,1852.16,akhan,rmehta,Credit entry for Purchase Expense,
JE00973,2025-02-01,2025-02-01 15:43:00,Travel Expense,Om Enterprises,Debit,18191.16,rmehta,akhan,Debit entry for Travel Expense,
JE00974,2025-03-22,2025-03-22 18:28:00,Salary Expense,Global Supplies Ltd,Credit,555.77,akhan,jverma,Credit entry for Salary Expense,
JE00975,2024-10-13,2024-10-13 12:47:00,Interest Income,Bharat Logistics,Debit,50000,spatel,spatel,Debit entry for Interest Income,round_number
JE00976,2024-11-06,2024-11-06 11:24:00,Rent Expense,Sharma Traders,Debit,2956.51,nsingh,spatel,Debit entry for Rent Expense,
JE00977,2024-07-14,2024-07-14 09:33:00,Professional Fees,Global Supplies Ltd,Credit,3351.39,rmehta,akhan,Credit entry for Professional Fees,
JE00978,2024-10-30,2024-10-30 09:58:00,Professional Fees,Sharma Traders,Debit,1716.01,akhan,akhan,Debit entry for Professional Fees,
JE00979,2025-03-07,2025-03-07 09:04:00,Rent Expense,Bharat Logistics,Credit,7079.78,spatel,nsingh,Credit entry for Rent Expense,
JE00980,2024-12-08,2024-12-08 17:53:00,Purchase Expense,Sharma Traders,Debit,1415.42,spatel,spatel,Debit entry for Purchase Expense,
JE00981,2024-07-14,2024-07-14 12:27:00,Rent Expense,Sharma Traders,Credit,37740.57,nsingh,jverma,Credit entry for Rent Expense,
JE00982,2024-06-30,2024-06-30 13:55:00,Depreciation,TechNova Pvt Ltd,Credit,22534.56,spatel,nsingh,Credit entry for Depreciation,
JE00983,2024-12-03,2024-12-03 18:47:00,Purchase Expense,Kumar & Co,Credit,6292.94,akhan,spatel,Credit entry for Purchase Expense,
JE00984,2024-11-08,2024-11-08 13:38:00,Salary Expense,Sharma Traders,Credit,47159.03,jverma,jverma,Credit entry for Salary Expense,
JE00985,2025-01-01,2025-01-01 13:24:00,Salary Expense,Om Enterprises,Debit,3124.66,nsingh,akhan,Debit entry for Salary Expense,
JE00986,2025-01-13,2025-01-13 12:00:00,Depreciation,Sharma Traders,Credit,1615.23,jverma,spatel,Credit entry for Depreciation,
JE00987,2024-04-07,2024-04-07 14:24:00,Interest Income,Kumar & Co,Credit,167590.76,akhan,jverma,Credit entry for Interest Income,
JE00988,2024-12-07,2024-12-07 18:10:00,Office Supplies,Sharma Traders,Credit,1054.07,nsingh,rmehta,Credit entry for Office Supplies,
JE00989,2024-07-09,2024-07-09 14:44:00,Bank Charges,Om Enterprises,Credit,22450.47,akhan,nsingh,Credit entry for Bank Charges,
JE00990,2024-04-30,2024-04-30 14:40:00,Professional Fees,Kumar & Co,Debit,124935.67,jverma,spatel,Debit entry for Professional Fees,
JE00991,2025-03-28,2025-03-28 11:16:00,Professional Fees,Om Enterprises,Debit,143220.36,rmehta,akhan,Debit entry for Professional Fees,
JE00992,2024-08-05,2024-08-05 15:25:00,Depreciation,Om Enterprises,Debit,869.27,nsingh,rmehta,Debit entry for Depreciation,
JE00993,2025-03-28,2025-03-28 13:32:00,Depreciation,Bharat Logistics,Debit,6452.31,rmehta,jverma,Debit entry for Depreciation,
JE00994,2024-12-29,2024-12-29 10:06:00,Professional Fees,Bharat Logistics,Credit,127088.9,jverma,jverma,Credit entry for Professional Fees,
JE00995,2025-02-20,2025-02-20 13:00:00,Depreciation,Global Supplies Ltd,Credit,5426.41,akhan,spatel,Credit entry for Depreciation,
JE00996,2024-06-26,2024-06-26 15:10:00,Travel Expense,Sharma Traders,Debit,25239.07,rmehta,jverma,Debit entry for Travel Expense,
JE00997,2024-06-30,2024-06-30 10:28:00,Consulting Income,Om Enterprises,Debit,10157.83,spatel,spatel,Debit entry for Consulting Income,
JE00998,2025-01-16,2025-01-16 15:28:00,Rent Expense,Global Supplies Ltd,Debit,1578.58,spatel,spatel,Debit entry for Rent Expense,
JE00999,2025-02-15,2025-02-15 13:04:00,Depreciation,Om Enterprises,Debit,4806.65,rmehta,rmehta,Debit entry for Depreciation,
JE01000,2024-09-23,2024-09-23 09:17:00,Sales Revenue,Global Supplies Ltd,Credit,914.71,nsingh,jverma,Credit entry for Sales Revenue,
JE01001,2024-04-04,2024-04-04 18:33:00,Professional Fees,Sharma Traders,Debit,522.24,nsingh,spatel,Debit entry for Professional Fees,
JE01002,2024-08-15,2024-08-15 14:52:00,Travel Expense,TechNova Pvt Ltd,Credit,103561.76,jverma,akhan,Credit entry for Travel Expense,
JE01003,2024-08-01,2024-08-01 09:29:00,Consulting Income,Kumar & Co,Debit,62651.78,jverma,akhan,Debit entry for Consulting Income,
JE01004,2025-03-24,2025-03-24 12:23:00,Bank Charges,Sharma Traders,Debit,32998.83,spatel,nsingh,Debit entry for Bank Charges,
JE01005,2024-11-18,2024-11-18 03:55:00,Depreciation,Bharat Logistics,Credit,552.39,jverma,spatel,Credit entry for Depreciation,off_hours
JE01006,2024-04-24,2024-04-24 18:50:00,Utilities Expense,Om Enterprises,Credit,5498.24,akhan,spatel,Credit entry for Utilities Expense,
JE01007,2024-05-12,2024-05-12 11:55:00,Consulting Income,Kumar & Co,Debit,1609.06,jverma,jverma,Debit entry for Consulting Income,
JE01008,2024-12-23,2024-12-23 17:55:00,Depreciation,Sharma Traders,Debit,3041.56,nsingh,jverma,Debit entry for Depreciation,
JE01009,2024-11-26,2024-11-26 10:06:00,Salary Expense,Sharma Traders,Credit,1776.94,jverma,nsingh,Credit entry for Salary Expense,
JE01010,2024-11-09,2024-11-09 13:42:00,Utilities Expense,Global Supplies Ltd,Credit,1872.41,rmehta,jverma,Credit entry for Utilities Expense,
JE01011,2024-11-30,2024-11-30 14:55:00,Professional Fees,Om Enterprises,Debit,9529.64,rmehta,nsingh,Debit entry for Professional Fees,
JE01012,2024-07-24,2024-07-24 15:41:00,Depreciation,Sharma Traders,Credit,42876.25,nsingh,jverma,Credit entry for Depreciation,
JE01013,2025-02-23,2025-02-23 10:21:00,Interest Income,Global Supplies Ltd,Debit,845.51,jverma,akhan,Debit entry for Interest Income,
JE01014,2025-01-29,2025-01-29 18:47:00,Rent Expense,Bharat Logistics,Credit,151884.62,rmehta,spatel,Credit entry for Rent Expense,
JE01015,2024-04-01,2024-04-01 14:51:00,Office Supplies,Bharat Logistics,Debit,3393.91,rmehta,jverma,Debit entry for Office Supplies,
JE01016,2025-03-14,2025-03-14 16:20:00,Salary Expense,Om Enterprises,Debit,12578.84,nsingh,rmehta,Debit entry for Salary Expense,
JE01017,2024-06-14,2024-06-14 09:38:00,Office Supplies,Kumar & Co,Credit,1198.21,spatel,spatel,Credit entry for Office Supplies,
JE01018,2024-09-11,2024-09-11 16:40:00,Office Supplies,Om Enterprises,Debit,34465.4,nsingh,akhan,Debit entry for Office Supplies,
JE01019,2024-07-20,2024-07-20 12:54:00,Travel Expense,Om Enterprises,Credit,3679.87,akhan,rmehta,Credit entry for Travel Expense,
JE01020,2024-07-25,2024-07-25 11:01:00,Utilities Expense,Global Supplies Ltd,Credit,66020.76,rmehta,jverma,Credit entry for Utilities Expense,
JE01021,2025-01-06,2025-01-06 17:46:00,Bank Charges,Kumar & Co,Credit,5206.43,akhan,akhan,Credit entry for Bank Charges,
JE01022,2024-08-23,2024-08-23 18:55:00,Office Supplies,Om Enterprises,Credit,45332.8,spatel,rmehta,Credit entry for Office Supplies,
JE01023,2024-04-28,2024-04-28 13:57:00,Utilities Expense,Kumar & Co,Debit,32351.02,akhan,nsingh,Debit entry for Utilities Expense,
JE01024,2024-06-14,2024-06-14 10:43:00,Rent Expense,Om Enterprises,Debit,84469.71,spatel,rmehta,Debit entry for Rent Expense,
JE01025,2024-06-15,2024-06-15 11:03:00,Bank Charges,Om Enterprises,Debit,171312.69,jverma,rmehta,Debit entry for Bank Charges,
JE01026,2024-05-31,2024-05-31 09:07:00,Interest Income,Bharat Logistics,Credit,5625.83,akhan,spatel,Credit entry for Interest Income,
JE01027,2024-08-02,2024-08-02 10:49:00,Bank Charges,TechNova Pvt Ltd,Debit,189687.23,jverma,jverma,Debit entry for Bank Charges,
JE01028,2024-11-24,2024-11-24 10:31:00,Professional Fees,TechNova Pvt Ltd,Credit,10000,jverma,akhan,Credit entry for Professional Fees,round_number
JE01029,2025-02-23,2025-02-23 13:44:00,Professional Fees,Global Supplies Ltd,Debit,15452.16,nsingh,nsingh,Debit entry for Professional Fees,
JE01030,2024-05-19,2024-05-19 14:04:00,Depreciation,Kumar & Co,Credit,1058.87,spatel,jverma,Credit entry for Depreciation,
JE01031,2025-01-01,2025-01-01 17:31:00,Salary Expense,Om Enterprises,Debit,12438.23,jverma,jverma,Debit entry for Salary Expense,
JE01032,2024-05-03,2024-05-03 11:55:00,Interest Income,Bharat Logistics,Debit,108289.17,nsingh,spatel,Debit entry for Interest Income,
JE01033,2025-02-01,2025-02-01 12:41:00,Utilities Expense,Sharma Traders,Credit,1081.82,spatel,akhan,Credit entry for Utilities Expense,
JE01034,2024-06-22,2024-06-22 14:34:00,Purchase Expense,TechNova Pvt Ltd,Debit,10375.24,nsingh,rmehta,Debit entry for Purchase Expense,
JE01035,2024-06-27,2024-06-27 13:42:00,Bank Charges,Global Supplies Ltd,Credit,11235.49,rmehta,rmehta,Credit entry for Bank Charges,
JE01036,2024-12-30,2024-12-30 14:38:00,Travel Expense,Bharat Logistics,Credit,183929.74,spatel,akhan,Credit entry for Travel Expense,
JE01037,2025-01-01,2025-01-01 13:54:00,Interest Income,Om Enterprises,Debit,1542.94,spatel,rmehta,Debit entry for Interest Income,
JE01038,2024-07-20,2024-07-20 18:27:00,Salary Expense,Bharat Logistics,Debit,1079.73,nsingh,nsingh,Debit entry for Salary Expense,
JE01039,2024-05-09,2024-05-09 13:43:00,Interest Income,TechNova Pvt Ltd,Credit,823.38,akhan,spatel,Credit entry for Interest Income,
JE01040,2024-11-04,2024-11-04 12:45:00,Utilities Expense,Bharat Logistics,Debit,2511.68,spatel,rmehta,Debit entry for Utilities Expense,
JE01041,2024-10-08,2024-10-08 15:24:00,Depreciation,Bharat Logistics,Debit,3327.81,nsingh,jverma,Debit entry for Depreciation,
JE01042,2024-04-14,2024-04-14 15:04:00,Depreciation,Sharma Traders,Credit,30110.99,spatel,rmehta,Credit entry for Depreciation,
JE01043,2024-09-16,2024-09-16 13:00:00,Professional Fees,TechNova Pvt Ltd,Credit,59657.8,rmehta,akhan,Credit entry for Professional Fees,
JE01044,2024-05-21,2024-05-21 13:37:00,Bank Charges,Kumar & Co,Debit,39275.49,spatel,rmehta,Debit entry for Bank Charges,
JE01045,2024-12-07,2024-12-07 09:10:00,Purchase Expense,TechNova Pvt Ltd,Credit,905.2,nsingh,nsingh,Credit entry for Purchase Expense,
JE01046,2024-09-10,2024-09-10 17:45:00,Bank Charges,TechNova Pvt Ltd,Credit,2360.82,spatel,jverma,Credit entry for Bank Charges,
JE01047,2024-06-19,2024-06-19 14:45:00,Professional Fees,Global Supplies Ltd,Credit,686.32,spatel,nsingh,Credit entry for Professional Fees,
JE01048,2024-08-06,2024-08-06 16:32:00,Professional Fees,Kumar & Co,Credit,4169.68,nsingh,spatel,Credit entry for Professional Fees,
JE01049,2024-08-25,2024-08-25 13:26:00,Office Supplies,Bharat Logistics,Debit,841.78,jverma,akhan,Debit entry for Office Supplies,
JE01050,2024-09-08,2024-09-08 13:35:00,Purchase Expense,Sharma Traders,Debit,705.27,rmehta,rmehta,Debit entry for Purchase Expense,
JE01051,2024-12-09,2024-12-09 17:44:00,Sales Revenue,Om Enterprises,Debit,30317.84,jverma,jverma,Debit entry for Sales Revenue,
JE01052,2024-06-03,2024-06-03 14:15:00,Bank Charges,Bharat Logistics,Debit,33663.23,rmehta,rmehta,Debit entry for Bank Charges,
JE01053,2025-03-05,2025-03-05 17:57:00,Interest Income,Sharma Traders,Credit,98583.96,nsingh,spatel,Credit entry for Interest Income,
JE01054,2024-07-25,2024-07-25 16:24:00,Salary Expense,TechNova Pvt Ltd,Debit,678.32,rmehta,nsingh,Debit entry for Salary Expense,
JE01055,2024-06-27,2024-06-27 13:19:00,Consulting Income,TechNova Pvt Ltd,Debit,85316.51,rmehta,nsingh,Debit entry for Consulting Income,
JE01056,2024-12-04,2024-12-04 17:52:00,Office Supplies,Global Supplies Ltd,Debit,126129.9,akhan,nsingh,Debit entry for Office Supplies,
JE01057,2024-04-19,2024-04-19 14:06:00,Travel Expense,Kumar & Co,Debit,3579.99,nsingh,akhan,Debit entry for Travel Expense,duplicate_source
JE01057D,2024-04-19,2024-04-19 14:06:00,Travel Expense,Kumar & Co,Debit,3579.99,nsingh,akhan,Debit entry for Travel Expense,duplicate_copy
JE01058,2024-04-03,2024-04-03 10:33:00,Consulting Income,Kumar & Co,Credit,9534.62,spatel,rmehta,Credit entry for Consulting Income,
JE01059,2024-12-20,2024-12-20 12:30:00,Salary Expense,Sharma Traders,Credit,25560.52,jverma,rmehta,Credit entry for Salary Expense,
JE01060,2024-10-20,2024-10-20 16:42:00,Consulting Income,TechNova Pvt Ltd,Credit,2512.91,akhan,spatel,Credit entry for Consulting Income,
JE01061,2024-11-11,2024-11-11 12:07:00,Salary Expense,TechNova Pvt Ltd,Credit,92066.12,spatel,rmehta,Credit entry for Salary Expense,
JE01062,2024-07-07,2024-07-07 11:42:00,Office Supplies,Global Supplies Ltd,Credit,110514.78,rmehta,jverma,Credit entry for Office Supplies,
JE01063,2024-07-11,2024-07-11 11:20:00,Travel Expense,Sharma Traders,Credit,60276.75,akhan,jverma,Credit entry for Travel Expense,
JE01064,2024-10-22,2024-10-22 14:32:00,Interest Income,Global Supplies Ltd,Debit,1064.51,jverma,rmehta,Debit entry for Interest Income,
JE01065,2024-04-07,2024-04-07 15:30:00,Professional Fees,Sharma Traders,Credit,41477.36,spatel,jverma,Credit entry for Professional Fees,
JE01066,2024-08-27,2024-08-27 11:15:00,Office Supplies,Sharma Traders,Credit,39492.86,jverma,spatel,Credit entry for Office Supplies,
JE01067,2024-08-22,2024-08-22 10:44:00,Purchase Expense,Om Enterprises,Debit,34452.73,akhan,jverma,Debit entry for Purchase Expense,
JE01068,2024-12-14,2024-12-14 13:12:00,Depreciation,Global Supplies Ltd,Debit,5535.19,spatel,spatel,Debit entry for Depreciation,
JE01069,2024-06-14,2024-06-14 17:19:00,Bank Charges,Bharat Logistics,Debit,4882.82,rmehta,rmehta,Debit entry for Bank Charges,
JE01070,2025-03-25,2025-03-25 09:19:00,Professional Fees,Global Supplies Ltd,Credit,10608.79,spatel,jverma,Credit entry for Professional Fees,
JE01071,2024-05-27,2024-05-27 11:02:00,Office Supplies,TechNova Pvt Ltd,Credit,106681.75,akhan,jverma,Credit entry for Office Supplies,
JE01072,2024-04-01,2024-04-01 15:11:00,Sales Revenue,Global Supplies Ltd,Credit,18931.11,akhan,jverma,Credit entry for Sales Revenue,
JE01073,2024-08-08,2024-08-08 17:49:00,Travel Expense,TechNova Pvt Ltd,Credit,542.65,akhan,rmehta,Credit entry for Travel Expense,
JE01074,2024-06-06,2024-06-06 13:13:00,Consulting Income,Om Enterprises,Credit,4633.14,akhan,nsingh,Credit entry for Consulting Income,
JE01075,2025-01-25,2025-01-25 12:12:00,Bank Charges,Sharma Traders,Debit,16797.25,rmehta,nsingh,Debit entry for Bank Charges,
JE01076,2025-03-27,2025-03-27 12:34:00,Travel Expense,Sharma Traders,Credit,187968.32,rmehta,akhan,Credit entry for Travel Expense,
JE01077,2024-06-18,2024-06-18 17:22:00,Sales Revenue,Global Supplies Ltd,Credit,104455.66,spatel,nsingh,Credit entry for Sales Revenue,
JE01078,2024-10-05,2024-10-05 17:50:00,Travel Expense,Kumar & Co,Debit,132541.72,rmehta,jverma,Debit entry for Travel Expense,
JE01079,2024-04-12,2024-04-12 15:31:00,Salary Expense,TechNova Pvt Ltd,Debit,25000,nsingh,akhan,Debit entry for Salary Expense,round_number
JE01080,2025-03-17,2025-03-17 15:25:00,Interest Income,Sharma Traders,Debit,4995.19,nsingh,jverma,Debit entry for Interest Income,
JE01081,2025-02-05,2025-02-05 09:56:00,Office Supplies,Global Supplies Ltd,Debit,17365.32,spatel,spatel,Debit entry for Office Supplies,
JE01082,2024-12-19,2024-12-19 13:35:00,Travel Expense,Om Enterprises,Credit,2952.07,nsingh,akhan,Credit entry for Travel Expense,
JE01083,2024-05-31,2024-05-31 13:59:00,Salary Expense,Sharma Traders,Debit,141328.65,spatel,spatel,Debit entry for Salary Expense,same_approver
JE01084,2024-06-08,2024-06-08 14:40:00,Office Supplies,Om Enterprises,Debit,504.21,rmehta,spatel,Debit entry for Office Supplies,
JE01085,2025-02-04,2025-02-04 14:03:00,Consulting Income,Sharma Traders,Credit,19502.17,akhan,spatel,Credit entry for Consulting Income,
JE01086,2025-02-15,2025-02-15 18:06:00,Sales Revenue,Global Supplies Ltd,Credit,549.11,akhan,spatel,Credit entry for Sales Revenue,
JE01087,2025-03-19,2025-03-19 18:40:00,Bank Charges,Om Enterprises,Debit,2502.57,akhan,jverma,Debit entry for Bank Charges,
JE01088,2024-10-20,2024-10-20 16:11:00,Salary Expense,Global Supplies Ltd,Credit,8818.09,jverma,akhan,Credit entry for Salary Expense,
JE01089,2024-11-22,2024-11-22 11:56:00,Salary Expense,Global Supplies Ltd,Credit,567.2,spatel,spatel,Credit entry for Salary Expense,
JE01090,2024-06-30,2024-06-30 15:06:00,Bank Charges,Global Supplies Ltd,Debit,2173.38,nsingh,spatel,Debit entry for Bank Charges,
JE01091,2024-12-26,2024-12-26 09:48:00,Salary Expense,Bharat Logistics,Debit,966.69,rmehta,jverma,Debit entry for Salary Expense,
JE01092,2025-02-24,2025-02-24 09:50:00,Sales Revenue,Global Supplies Ltd,Debit,21451.7,spatel,akhan,Debit entry for Sales Revenue,
JE01093,2024-04-05,2024-04-05 18:57:00,Purchase Expense,Om Enterprises,Credit,8893.36,nsingh,rmehta,Credit entry for Purchase Expense,
JE01094,2024-11-14,2024-11-14 13:40:00,Salary Expense,TechNova Pvt Ltd,Credit,12979.51,akhan,spatel,Credit entry for Salary Expense,
JE01095,2025-01-04,2025-01-04 15:09:00,Purchase Expense,Sharma Traders,Debit,10716.03,rmehta,nsingh,Debit entry for Purchase Expense,
JE01096,2024-04-01,2024-04-01 12:58:00,Rent Expense,Global Supplies Ltd,Credit,25366.94,rmehta,jverma,Credit entry for Rent Expense,
JE01097,2025-03-17,2025-03-17 13:22:00,Bank Charges,Kumar & Co,Debit,154082.45,rmehta,rmehta,Debit entry for Bank Charges,
JE01098,2024-05-10,2024-05-10 11:27:00,Depreciation,Sharma Traders,Credit,18703.89,akhan,rmehta,Credit entry for Depreciation,
JE01099,2024-12-28,2024-12-28 18:52:00,Consulting Income,Global Supplies Ltd,Credit,30690.46,nsingh,spatel,Credit entry for Consulting Income,
JE01100,2024-08-25,2024-08-25 10:50:00,Consulting Income,TechNova Pvt Ltd,Credit,64344.37,rmehta,akhan,Credit entry for Consulting Income,
JE01101,2024-04-02,2024-04-02 16:52:00,Salary Expense,TechNova Pvt Ltd,Debit,59213.87,spatel,jverma,Debit entry for Salary Expense,
JE01102,2024-05-05,2024-05-05 11:49:00,Purchase Expense,Kumar & Co,Credit,193832.06,nsingh,spatel,Credit entry for Purchase Expense,
JE01103,2024-10-15,2024-10-15 14:08:00,Consulting Income,Kumar & Co,Credit,5971.43,akhan,jverma,Credit entry for Consulting Income,
JE01104,2025-03-01,2025-03-01 12:24:00,Rent Expense,Kumar & Co,Credit,12147.88,jverma,nsingh,Credit entry for Rent Expense,
JE01105,2024-05-13,2024-05-13 09:23:00,Depreciation,Bharat Logistics,Debit,508.66,jverma,rmehta,Debit entry for Depreciation,
JE01106,2025-01-11,2025-01-11 11:18:00,Travel Expense,Sharma Traders,Debit,81091.5,spatel,akhan,Debit entry for Travel Expense,
JE01107,2024-11-22,2024-11-22 11:07:00,Salary Expense,Kumar & Co,Debit,698.77,nsingh,spatel,Debit entry for Salary Expense,
JE01108,2025-03-23,2025-03-23 18:04:00,Utilities Expense,Kumar & Co,Debit,33424.08,spatel,jverma,Debit entry for Utilities Expense,
JE01109,2024-12-01,2024-12-01 09:36:00,Depreciation,Sharma Traders,Debit,2170.67,spatel,akhan,Debit entry for Depreciation,
JE01110,2024-10-31,2024-10-31 15:46:00,Salary Expense,Kumar & Co,Debit,3008.2,spatel,nsingh,Debit entry for Salary Expense,
JE01111,2024-09-20,2024-09-20 18:48:00,Travel Expense,TechNova Pvt Ltd,Debit,23478.73,rmehta,spatel,Debit entry for Travel Expense,
JE01112,2024-06-28,2024-06-28 17:45:00,Interest Income,Sharma Traders,Credit,95129.11,spatel,jverma,Credit entry for Interest Income,
JE01113,2024-08-11,2024-08-11 10:33:00,Depreciation,TechNova Pvt Ltd,Debit,2548.48,nsingh,jverma,Debit entry for Depreciation,
JE01114,2024-10-11,2024-10-11 17:38:00,Salary Expense,Kumar & Co,Debit,69052.16,spatel,spatel,Debit entry for Salary Expense,
JE01115,2024-05-10,2024-05-10 14:41:00,Utilities Expense,Kumar & Co,Credit,1342.31,jverma,jverma,Credit entry for Utilities Expense,
JE01116,2024-11-04,2024-11-04 14:01:00,Rent Expense,Sharma Traders,Debit,53143.14,akhan,rmehta,Debit entry for Rent Expense,
JE01117,2024-08-01,2024-08-01 13:12:00,Office Supplies,Bharat Logistics,Debit,533.99,spatel,rmehta,Debit entry for Office Supplies,
JE01118,2025-01-08,2025-01-08 18:50:00,Rent Expense,Global Supplies Ltd,Credit,14743.66,rmehta,rmehta,Credit entry for Rent Expense,
JE01119,2024-12-04,2024-12-04 23:32:00,Sales Revenue,TechNova Pvt Ltd,Debit,45173.63,rmehta,akhan,Debit entry for Sales Revenue,off_hours
JE01120,2024-07-09,2024-07-09 15:57:00,Consulting Income,Om Enterprises,Credit,896.1,jverma,spatel,Credit entry for Consulting Income,
JE01121,2024-12-14,2024-12-14 09:18:00,Purchase Expense,Global Supplies Ltd,Debit,8710.25,nsingh,nsingh,Debit entry for Purchase Expense,
JE01122,2024-06-22,2024-06-22 11:49:00,Salary Expense,Sharma Traders,Debit,63106.06,jverma,spatel,Debit entry for Salary Expense,
JE01123,2024-06-22,2024-06-22 14:39:00,Interest Income,Om Enterprises,Credit,3811.73,nsingh,jverma,Credit entry for Interest Income,
JE01124,2024-11-07,2024-11-07 18:40:00,Sales Revenue,Global Supplies Ltd,Debit,155519.27,jverma,nsingh,Debit entry for Sales Revenue,
JE01125,2024-12-11,2024-12-11 10:31:00,Purchase Expense,Global Supplies Ltd,Credit,59403.01,rmehta,nsingh,Credit entry for Purchase Expense,
JE01126,2024-05-19,2024-05-19 14:05:00,Travel Expense,Global Supplies Ltd,Credit,15815.68,akhan,spatel,Credit entry for Travel Expense,
JE01127,2024-05-07,2024-05-07 11:07:00,Salary Expense,TechNova Pvt Ltd,Credit,7066.41,jverma,akhan,Credit entry for Salary Expense,
JE01128,2025-01-17,2025-01-17 11:28:00,Travel Expense,TechNova Pvt Ltd,Credit,20484.42,rmehta,jverma,Credit entry for Travel Expense,
JE01129,2024-10-05,2024-10-05 13:56:00,Interest Income,TechNova Pvt Ltd,Credit,10362.45,nsingh,rmehta,Credit entry for Interest Income,
JE01130,2025-03-16,2025-03-16 11:54:00,Sales Revenue,Om Enterprises,Debit,14394.82,nsingh,spatel,Debit entry for Sales Revenue,
JE01131,2024-05-24,2024-05-24 10:22:00,Office Supplies,Global Supplies Ltd,Credit,94098.75,jverma,rmehta,Credit entry for Office Supplies,
JE01132,2024-11-25,2024-11-25 15:49:00,Travel Expense,Kumar & Co,Debit,956.97,nsingh,rmehta,Debit entry for Travel Expense,
JE01133,2024-11-08,2024-11-08 12:44:00,Rent Expense,TechNova Pvt Ltd,Debit,18688.55,jverma,akhan,Debit entry for Rent Expense,
JE01134,2024-11-30,2024-11-30 12:20:00,Purchase Expense,Kumar & Co,Debit,8353.22,akhan,nsingh,Debit entry for Purchase Expense,
JE01135,2025-01-16,2025-01-16 12:03:00,Sales Revenue,Kumar & Co,Debit,175891.14,nsingh,akhan,Debit entry for Sales Revenue,
JE01136,2024-07-18,2024-07-18 15:05:00,Sales Revenue,TechNova Pvt Ltd,Credit,757.16,jverma,spatel,Credit entry for Sales Revenue,
JE01137,2024-08-31,2024-08-31 15:21:00,Utilities Expense,Kumar & Co,Debit,689.94,jverma,akhan,Debit entry for Utilities Expense,
JE01138,2024-08-31,2024-08-31 11:44:00,Salary Expense,TechNova Pvt Ltd,Credit,30999.04,spatel,jverma,Credit entry for Salary Expense,
JE01139,2024-11-10,2024-11-10 10:46:00,Consulting Income,Kumar & Co,Debit,17895.12,nsingh,nsingh,Debit entry for Consulting Income,
JE01140,2025-03-08,2025-03-08 16:55:00,Depreciation,Global Supplies Ltd,Credit,134531.54,nsingh,akhan,Credit entry for Depreciation,duplicate_source
JE01140D,2025-03-08,2025-03-08 16:55:00,Depreciation,Global Supplies Ltd,Credit,134531.54,nsingh,akhan,Credit entry for Depreciation,duplicate_copy
JE01141,2024-09-10,2024-09-10 16:40:00,Purchase Expense,TechNova Pvt Ltd,Debit,85041.39,jverma,jverma,Debit entry for Purchase Expense,
JE01142,2025-01-22,2025-01-22 18:24:00,Purchase Expense,Global Supplies Ltd,Debit,51756.47,rmehta,jverma,Debit entry for Purchase Expense,
JE01143,2024-07-20,2024-07-20 13:32:00,Consulting Income,Global Supplies Ltd,Debit,550.94,spatel,akhan,Debit entry for Consulting Income,
JE01144,2024-06-03,2024-06-03 17:27:00,Utilities Expense,Om Enterprises,Credit,4125.2,jverma,jverma,Credit entry for Utilities Expense,
JE01145,2024-12-24,2024-12-24 11:34:00,Consulting Income,Global Supplies Ltd,Credit,13717.28,rmehta,jverma,Credit entry for Consulting Income,
JE01146,2024-11-10,2024-11-10 10:05:00,Bank Charges,Om Enterprises,Credit,137862.47,akhan,akhan,Credit entry for Bank Charges,
JE01147,2024-05-24,2024-05-24 17:06:00,Purchase Expense,Bharat Logistics,Credit,45186.44,rmehta,rmehta,Credit entry for Purchase Expense,
JE01148,2025-02-19,2025-02-19 16:35:00,Travel Expense,Bharat Logistics,Debit,1779.39,nsingh,akhan,Debit entry for Travel Expense,
JE01149,2024-10-13,2024-10-13 15:58:00,Purchase Expense,Kumar & Co,Debit,119489.33,spatel,akhan,Debit entry for Purchase Expense,
JE01150,2025-02-25,2025-02-25 13:19:00,Utilities Expense,Sharma Traders,Credit,2484.88,jverma,spatel,Credit entry for Utilities Expense,
JE01151,2024-10-30,2024-10-30 17:52:00,Professional Fees,Sharma Traders,Credit,57006.55,spatel,spatel,Credit entry for Professional Fees,same_approver
JE01152,2025-02-02,2025-02-02 18:41:00,Consulting Income,Global Supplies Ltd,Credit,5215.77,akhan,spatel,Credit entry for Consulting Income,
JE01153,2024-10-19,2024-10-19 14:33:00,Sales Revenue,Kumar & Co,Debit,1415.77,nsingh,jverma,Debit entry for Sales Revenue,
JE01154,2024-06-21,2024-06-21 15:53:00,Bank Charges,Sharma Traders,Debit,15855.73,spatel,nsingh,Debit entry for Bank Charges,
JE01155,2025-02-16,2025-02-16 09:40:00,Office Supplies,Global Supplies Ltd,Credit,583.03,nsingh,spatel,Credit entry for Office Supplies,
JE01156,2025-01-29,2025-01-29 11:29:00,Salary Expense,Bharat Logistics,Debit,42715.18,rmehta,nsingh,Debit entry for Salary Expense,
JE01157,2025-02-19,2025-02-19 12:46:00,Professional Fees,Global Supplies Ltd,Debit,12363.96,akhan,spatel,Debit entry for Professional Fees,
JE01158,2024-10-11,2024-10-11 18:55:00,Office Supplies,TechNova Pvt Ltd,Debit,22913.43,rmehta,spatel,Debit entry for Office Supplies,
JE01159,2024-05-23,2024-05-23 11:05:00,Purchase Expense,Bharat Logistics,Debit,2402.68,jverma,rmehta,Debit entry for Purchase Expense,
JE01160,2024-05-10,2024-05-10 10:31:00,Travel Expense,Global Supplies Ltd,Credit,570.3,akhan,rmehta,Credit entry for Travel Expense,
JE01161,2025-02-15,2025-02-15 16:51:00,Purchase Expense,Om Enterprises,Credit,22259.21,spatel,jverma,Credit entry for Purchase Expense,
JE01162,2024-06-22,2024-06-22 10:21:00,Salary Expense,Sharma Traders,Debit,83798.09,akhan,nsingh,Debit entry for Salary Expense,
JE01163,2024-09-25,2024-09-25 10:12:00,Travel Expense,Bharat Logistics,Debit,2297.19,nsingh,spatel,Debit entry for Travel Expense,
JE01164,2025-02-05,2025-02-05 12:01:00,Sales Revenue,Sharma Traders,Debit,994.62,nsingh,spatel,Debit entry for Sales Revenue,
JE01165,2024-09-15,2024-09-15 10:22:00,Salary Expense,Sharma Traders,Debit,1649.67,spatel,akhan,Debit entry for Salary Expense,
JE01166,2025-03-29,2025-03-29 12:16:00,Interest Income,Kumar & Co,Credit,5490.9,akhan,jverma,Credit entry for Interest Income,
JE01167,2024-06-28,2024-06-28 11:50:00,Rent Expense,Kumar & Co,Debit,16899.95,akhan,nsingh,Debit entry for Rent Expense,
JE01168,2024-07-15,2024-07-15 14:39:00,Utilities Expense,Kumar & Co,Credit,2546.14,jverma,jverma,Credit entry for Utilities Expense,
JE01169,2024-05-26,2024-05-26 10:28:00,Depreciation,Kumar & Co,Debit,108479.04,jverma,nsingh,Debit entry for Depreciation,
JE01170,2024-06-25,2024-06-25 17:22:00,Sales Revenue,TechNova Pvt Ltd,Credit,95858.93,nsingh,akhan,Credit entry for Sales Revenue,
JE01171,2024-10-21,2024-10-21 10:13:00,Sales Revenue,Global Supplies Ltd,Credit,4264.25,rmehta,jverma,Credit entry for Sales Revenue,
JE01172,2025-03-03,2025-03-03 12:29:00,Consulting Income,Global Supplies Ltd,Credit,50000,akhan,rmehta,Credit entry for Consulting Income,round_number
JE01173,2025-01-16,2025-01-16 12:06:00,Consulting Income,Bharat Logistics,Debit,1782.64,spatel,jverma,Debit entry for Consulting Income,
JE01174,2025-01-13,2025-01-13 15:20:00,Office Supplies,Om Enterprises,Debit,6257.33,nsingh,nsingh,Debit entry for Office Supplies,
JE01175,2024-09-11,2024-09-11 01:28:00,Rent Expense,Sharma Traders,Credit,6238.13,spatel,jverma,Credit entry for Rent Expense,off_hours
JE01176,2024-06-27,2024-06-27 18:00:00,Depreciation,Bharat Logistics,Credit,2758.37,akhan,spatel,Credit entry for Depreciation,
JE01177,2024-11-23,2024-11-23 09:04:00,Office Supplies,Kumar & Co,Debit,632.07,spatel,nsingh,Debit entry for Office Supplies,
JE01178,2024-11-27,2024-11-27 10:35:00,Purchase Expense,Om Enterprises,Credit,3970.32,jverma,akhan,Credit entry for Purchase Expense,
JE01179,2024-09-08,2024-09-08 10:53:00,Travel Expense,Sharma Traders,Credit,7617.61,nsingh,akhan,Credit entry for Travel Expense,
JE01180,2024-10-09,2024-10-09 14:55:00,Depreciation,Sharma Traders,Debit,1148.06,rmehta,rmehta,Debit entry for Depreciation,
JE01181,2025-03-19,2025-03-19 14:52:00,Utilities Expense,Global Supplies Ltd,Debit,111364.7,jverma,rmehta,Debit entry for Utilities Expense,
JE01182,2025-01-01,2025-01-01 03:44:00,Sales Revenue,TechNova Pvt Ltd,Debit,783.85,rmehta,rmehta,Debit entry for Sales Revenue,off_hours
JE01183,2025-02-08,2025-02-08 14:55:00,Bank Charges,Om Enterprises,Debit,1025.56,akhan,spatel,Debit entry for Bank Charges,
JE01184,2024-06-15,2024-06-15 16:42:00,Depreciation,Om Enterprises,Credit,2112.64,jverma,rmehta,Credit entry for Depreciation,
JE01185,2024-12-07,2024-12-07 10:22:00,Office Supplies,Om Enterprises,Credit,49280.32,akhan,spatel,Credit entry for Office Supplies,
JE01186,2025-01-11,2025-01-11 09:42:00,Rent Expense,Om Enterprises,Debit,717.44,spatel,rmehta,Debit entry for Rent Expense,
JE01187,2024-07-20,2024-07-20 17:32:00,Travel Expense,Global Supplies Ltd,Credit,65619.8,jverma,rmehta,Credit entry for Travel Expense,
JE01188,2024-09-08,2024-09-08 14:24:00,Office Supplies,Om Enterprises,Debit,1089.92,jverma,nsingh,Debit entry for Office Supplies,
JE01189,2024-11-18,2024-11-18 13:55:00,Depreciation,Global Supplies Ltd,Credit,6307.92,nsingh,spatel,Credit entry for Depreciation,
JE01190,2025-01-21,2025-01-21 16:11:00,Professional Fees,Global Supplies Ltd,Credit,2113.14,rmehta,rmehta,Credit entry for Professional Fees,
JE01191,2024-08-15,2024-08-15 10:22:00,Sales Revenue,Om Enterprises,Credit,129089.68,jverma,akhan,Credit entry for Sales Revenue,
JE01192,2024-11-07,2024-11-07 14:06:00,Rent Expense,Kumar & Co,Credit,7036.63,spatel,nsingh,Credit entry for Rent Expense,
JE01193,2024-04-26,2024-04-26 18:17:00,Professional Fees,Om Enterprises,Credit,5582.12,jverma,spatel,Credit entry for Professional Fees,
JE01194,2024-12-28,2024-12-28 10:14:00,Depreciation,Bharat Logistics,Credit,24032.45,jverma,rmehta,Credit entry for Depreciation,
JE01195,2024-05-29,2024-05-29 12:56:00,Sales Revenue,Bharat Logistics,Credit,915.93,rmehta,spatel,Credit entry for Sales Revenue,
JE01196,2025-02-12,2025-02-12 13:31:00,Utilities Expense,Kumar & Co,Credit,69702.14,jverma,rmehta,Credit entry for Utilities Expense,
JE01197,2024-07-15,2024-07-15 11:32:00,Salary Expense,TechNova Pvt Ltd,Credit,509.39,spatel,nsingh,Credit entry for Salary Expense,
JE01198,2025-03-25,2025-03-25 11:11:00,Depreciation,Om Enterprises,Credit,29656.8,jverma,spatel,Credit entry for Depreciation,
JE01199,2024-09-18,2024-09-18 13:56:00,Travel Expense,Sharma Traders,Credit,1448.35,spatel,jverma,Credit entry for Travel Expense,
JE01200,2024-05-10,2024-05-10 12:30:00,Salary Expense,Bharat Logistics,Credit,9323.41,rmehta,jverma,Credit entry for Salary Expense,
